-- phpMyAdmin SQL Dump
-- version 4.5.1
-- http://www.phpmyadmin.net
--
-- Host: 127.0.0.1
-- Generation Time: Apr 28, 2017 at 03:00 PM
-- Server version: 10.1.13-MariaDB
-- PHP Version: 7.0.6

SET SQL_MODE = "NO_AUTO_VALUE_ON_ZERO";
SET time_zone = "+00:00";


/*!40101 SET @OLD_CHARACTER_SET_CLIENT=@@CHARACTER_SET_CLIENT */;
/*!40101 SET @OLD_CHARACTER_SET_RESULTS=@@CHARACTER_SET_RESULTS */;
/*!40101 SET @OLD_COLLATION_CONNECTION=@@COLLATION_CONNECTION */;
/*!40101 SET NAMES utf8mb4 */;

--
-- Database: `recommendfit`
--

-- --------------------------------------------------------

--
-- Table structure for table `answer`
--

CREATE TABLE `answer` (
  `answerID` int(11) NOT NULL,
  `dateanswer` timestamp NOT NULL DEFAULT CURRENT_TIMESTAMP ON UPDATE CURRENT_TIMESTAMP,
  `answerDetail` text NOT NULL,
  `userID` char(4) NOT NULL,
  `questionID` int(11) NOT NULL
) ENGINE=InnoDB DEFAULT CHARSET=utf8;

--
-- Dumping data for table `answer`
--

INSERT INTO `answer` (`answerID`, `dateanswer`, `answerDetail`, `userID`, `questionID`) VALUES
(8, '2017-04-19 09:09:53', 'เล่น Squart สร้างกล้ามเนื้อต้นขามาเบรินไขมัน\r\nจะเกิดอะไรขึ้นถ้าเราสามารถเผาผลาญพลังงานได้มากเป็น 2 เท่า โดยใช้เวลาออกกำลังเท่าเดิม\r\nการสร้างเตาเผาที่ดีช่วยได้เยอะมากๆ \r\nที่เหลือก็ลอง search google เพิ่มเติมเอานะครับมีท้ังท่าออกกำลัง และโปรแกรมฝึก', 'M002', 10),
(9, '2017-04-19 09:12:04', 'ขอบคุณมากๆนะคะ ', 'M004', 11),
(10, '2017-04-19 09:17:26', 'จำว่าที่ขายไม่ใช้ยาคับแต่เป็นเสริมอาหารคับพวกยาจริงๆที่สั่งได้มันเป็นพวกแก้โรคไปด้วยคับไม่ได้เอามาใข้ลดน้ำหนักแท้ๆคับ ส่วนอันตรายถ้าเป็นพวกเสริมอาหารโดยมากจะไม่มีอันตรายคับแต่มันจะเห็นผลช้าคับ ตัวเร็วๆส่วนมากมีผลข้างเคียง ส่วนอยไทยตรวจแค่ส่วนผสมคับไม่ได้ เข้มมากคับ', 'M001', 13),
(11, '2017-04-28 02:50:36', 'ไม่ได้ค่ะ คุณต้องออกกำลังกาย', 'M012', 14);

-- --------------------------------------------------------

--
-- Table structure for table `exercise`
--

CREATE TABLE `exercise` (
  `exerciseID` int(4) NOT NULL,
  `exerciseName` varchar(30) NOT NULL,
  `exerciseImage` varchar(50) NOT NULL,
  `exerciseDetail` text NOT NULL,
  `exerciseType` varchar(30) NOT NULL,
  `exerciseDay` char(2) NOT NULL,
  `exerciseURL` varchar(60) NOT NULL,
  `programID` int(1) NOT NULL
) ENGINE=InnoDB DEFAULT CHARSET=utf8;

--
-- Dumping data for table `exercise`
--

INSERT INTO `exercise` (`exerciseID`, `exerciseName`, `exerciseImage`, `exerciseDetail`, `exerciseType`, `exerciseDay`, `exerciseURL`, `programID`) VALUES
(1, 'squats level 1 ', 'leg1.gif', 'step 1: ยืนแยกขาประมาณหัวไหล่ ปลายเท้าชี้ไปด้านข้างนิดหนึ่ง หายใจเข้าพร้อมค่อยๆ ย่อตัวลง\r\nstep 2: ย่อตัวลงให้ต้นขา ขนานกับพื้นหัวเข้างอ 90 องศา และหัวเข่าต้องไม่เลยปลายเท้า\r\nแล้วดันตัวขึ้นพร้อมกับหายใจออก \r\nทำจำนวน 10 ครั้ง', '2', '01', 'http://localhost/recommendfit/Legworkoutday1.php', 1),
(33, 'Lunge level 1', 'leg2.gif', 'Step : 1\r\nยืนตัวตรง โดยให้ขาทั้งสองข้างกว้างประมาณหัวไหล่ ก้าวขาข้างใดข้างหนึ่งออกไปด้านหน้า ระยะประมาณ 2 ก้าวปกติ\r\nStep : 2\r\nย่อตัวลงตรง โดยให้หัวเข่าทำมุมประมาณ 90 องศา ตัวตั้งตรงไม่โน้มตัวยกตัวขึ้นพร้อมกับกลับมายืนในท่ายืนตรง ทำที่ละข้างหรือสลับข้างก็ได้ \r\nทำจำนวน 15 ครั้ง', '2', '02', 'http://localhost/recommendfit/Legworkoutday2.php', 1),
(34, 'Jumping Jacks level 1', 'leg3.gif', ' step 1:เริ่มต้นด้วยการยืนเท้าชิดโดยที่มืออยู่ด้านข้างของลำตัว\r\nstep2: จากนั้นกระโดดพร้อมกับแยกขาออกจากกัน ส่วนแขนนั้นยกขึ้นเหนือศีรษะ แล้วกลับมายังท่าเริ่มต้น ทำจำนวน 25 ครั้ง', '2', '03', 'http://localhost/recommendfit/Legworkoutday3.php', 1),
(35, 'squats level 2', 'leg1.gif', 'step 1: ยืนแยกขาประมาณหัวไหล่ ปลายเท้าชี้ไปด้านข้างนิดหนึ่ง หายใจเข้าพร้อมค่อยๆ ย่อตัวลง step 2: ย่อตัวลงให้ต้นขา ขนานกับพื้นหัวเข้างอ 90 องศา และหัวเข่าต้องไม่เลยปลายเท้า แล้วดันตัวขึ้นพร้อมกับหายใจออก ทำจำนวน 15 ครั้ง', '2', '04', 'http://localhost/recommendfit/Legworkoutday4.php', 1),
(36, 'Lunge level 2	', 'leg2.gif', 'Step : 1 ยืนตัวตรง โดยให้ขาทั้งสองข้างกว้างประมาณหัวไหล่ ก้าวขาข้างใดข้างหนึ่งออกไปด้านหน้า ระยะประมาณ 2 ก้าวปกติ Step : 2 ย่อตัวลงตรง โดยให้หัวเข่าทำมุมประมาณ 90 องศา ตัวตั้งตรงไม่โน้มตัวยกตัวขึ้นพร้อมกับกลับมายืนในท่ายืนตรง ทำที่ละข้างหรือสลับข้างก็ได้ ทำจำนวน 20 ครั้ง', '2', '05', 'http://localhost/recommendfit/Legworkoutday5.php', 1),
(37, 'Jumping Jacks level 2', 'leg3.gif', 'step 1:เริ่มต้นด้วยการยืนเท้าชิดโดยที่มืออยู่ด้านข้างของลำตัว step2: จากนั้นกระโดดพร้อมกับแยกขาออกจากกัน ส่วนแขนนั้นยกขึ้นเหนือศีรษะ แล้วกลับมายังท่าเริ่มต้น ทำจำนวน 35 ครั้ง', '2', '06', 'http://localhost/recommendfit/Legworkoutday6.php', 1),
(38, 'squats level 3', 'leg1.gif', 'step 1: ยืนแยกขาประมาณหัวไหล่ ปลายเท้าชี้ไปด้านข้างนิดหนึ่ง หายใจเข้าพร้อมค่อยๆ ย่อตัวลง step 2: ย่อตัวลงให้ต้นขา ขนานกับพื้นหัวเข้างอ 90 องศา และหัวเข่าต้องไม่เลยปลายเท้า แล้วดันตัวขึ้นพร้อมกับหายใจออก ทำจำนวน 25 ครั้ง', '2', '07', 'http://localhost/recommendfit/Legworkoutday7.php', 1),
(39, 'Lunge level 3', 'leg2.gif', 'Step : 1 ยืนตัวตรง โดยให้ขาทั้งสองข้างกว้างประมาณหัวไหล่ ก้าวขาข้างใดข้างหนึ่งออกไปด้านหน้า ระยะประมาณ 2 ก้าวปกติ Step : 2 ย่อตัวลงตรง โดยให้หัวเข่าทำมุมประมาณ 90 องศา ตัวตั้งตรงไม่โน้มตัวยกตัวขึ้นพร้อมกับกลับมายืนในท่ายืนตรง ทำที่ละข้างหรือสลับข้างก็ได้ ทำจำนวน 25 ครั้ง	', '2', '08', 'http://localhost/recommendfit/Legworkoutday8.php', 1),
(40, 'Jumping Jacks level 3', 'leg3.gif', 'step 1:เริ่มต้นด้วยการยืนเท้าชิดโดยที่มืออยู่ด้านข้างของลำตัว step2: จากนั้นกระโดดพร้อมกับแยกขาออกจากกัน ส่วนแขนนั้นยกขึ้นเหนือศีรษะ แล้วกลับมายังท่าเริ่มต้น ทำจำนวน 40 ครั้ง', '2', '09', 'http://localhost/recommendfit/Legworkoutday9.php', 1),
(41, 'squats level 4', 'leg1.gif', 'step 1: ยืนแยกขาประมาณหัวไหล่ ปลายเท้าชี้ไปด้านข้างนิดหนึ่ง หายใจเข้าพร้อมค่อยๆ ย่อตัวลง step 2: ย่อตัวลงให้ต้นขา ขนานกับพื้นหัวเข้างอ 90 องศา และหัวเข่าต้องไม่เลยปลายเท้า แล้วดันตัวขึ้นพร้อมกับหายใจออก ทำจำนวน 30 ครั้ง', '2', '10', 'http://localhost/recommendfit/Legworkoutday10.php', 1),
(42, 'Lunge level 4', 'leg2.gif', 'Step : 1 ยืนตัวตรง โดยให้ขาทั้งสองข้างกว้างประมาณหัวไหล่ ก้าวขาข้างใดข้างหนึ่งออกไปด้านหน้า ระยะประมาณ 2 ก้าวปกติ Step : 2 ย่อตัวลงตรง โดยให้หัวเข่าทำมุมประมาณ 90 องศา ตัวตั้งตรงไม่โน้มตัวยกตัวขึ้นพร้อมกับกลับมายืนในท่ายืนตรง ทำที่ละข้างหรือสลับข้างก็ได้ ทำจำนวน 30 ครั้ง', '2', '11', 'http://localhost/recommendfit/Legworkoutday11.php', 1),
(43, 'Jumping Jacks level 4', 'leg3.gif', 'step 1:เริ่มต้นด้วยการยืนเท้าชิดโดยที่มืออยู่ด้านข้างของลำตัว step2: จากนั้นกระโดดพร้อมกับแยกขาออกจากกัน ส่วนแขนนั้นยกขึ้นเหนือศีรษะ แล้วกลับมายังท่าเริ่มต้น ทำจำนวน 45 ครั้ง', '2', '12', 'http://localhost/recommendfit/Legworkoutday12.php', 1),
(44, 'squats level 5', 'leg1.gif', 'step 1: ยืนแยกขาประมาณหัวไหล่ ปลายเท้าชี้ไปด้านข้างนิดหนึ่ง หายใจเข้าพร้อมค่อยๆ ย่อตัวลง step 2: ย่อตัวลงให้ต้นขา ขนานกับพื้นหัวเข้างอ 90 องศา และหัวเข่าต้องไม่เลยปลายเท้า แล้วดันตัวขึ้นพร้อมกับหายใจออก ทำจำนวน 33 ครั้ง', '2', '13', 'http://localhost/recommendfit/Legworkoutday13.php', 1),
(45, 'Lunge level 5', 'leg2.gif', 'Step : 1 ยืนตัวตรง โดยให้ขาทั้งสองข้างกว้างประมาณหัวไหล่ ก้าวขาข้างใดข้างหนึ่งออกไปด้านหน้า ระยะประมาณ 2 ก้าวปกติ Step : 2 ย่อตัวลงตรง โดยให้หัวเข่าทำมุมประมาณ 90 องศา ตัวตั้งตรงไม่โน้มตัวยกตัวขึ้นพร้อมกับกลับมายืนในท่ายืนตรง ทำที่ละข้างหรือสลับข้างก็ได้ ทำจำนวน 35 ครั้ง', '2', '14', 'http://localhost/recommendfit/Legworkoutday14.php', 1),
(46, 'Jumping Jacks level 5', 'leg3.gif', 'step 1:เริ่มต้นด้วยการยืนเท้าชิดโดยที่มืออยู่ด้านข้างของลำตัว step2: จากนั้นกระโดดพร้อมกับแยกขาออกจากกัน ส่วนแขนนั้นยกขึ้นเหนือศีรษะ แล้วกลับมายังท่าเริ่มต้น ทำจำนวน 50 ครั้ง', '2', '15', 'http://localhost/recommendfit/Legworkoutday15.php', 1),
(47, 'squats level 6', 'leg1.gif', 'step 1: ยืนแยกขาประมาณหัวไหล่ ปลายเท้าชี้ไปด้านข้างนิดหนึ่ง หายใจเข้าพร้อมค่อยๆ ย่อตัวลง step 2: ย่อตัวลงให้ต้นขา ขนานกับพื้นหัวเข้างอ 90 องศา และหัวเข่าต้องไม่เลยปลายเท้า แล้วดันตัวขึ้นพร้อมกับหายใจออก ทำจำนวน 40 ครั้ง', '2', '16', 'http://localhost/recommendfit/Legworkoutday16.php', 1),
(48, 'Lunge level 6', 'leg2.gif', 'Step : 1 ยืนตัวตรง โดยให้ขาทั้งสองข้างกว้างประมาณหัวไหล่ ก้าวขาข้างใดข้างหนึ่งออกไปด้านหน้า ระยะประมาณ 2 ก้าวปกติ Step : 2 ย่อตัวลงตรง โดยให้หัวเข่าทำมุมประมาณ 90 องศา ตัวตั้งตรงไม่โน้มตัวยกตัวขึ้นพร้อมกับกลับมายืนในท่ายืนตรง ทำที่ละข้างหรือสลับข้างก็ได้ ทำจำนวน 43 ครั้ง', '2', '17', 'http://localhost/recommendfit/Legworkoutday17.php', 1),
(49, 'Jumping Jacks level 6', 'leg3.gif', 'step 1:เริ่มต้นด้วยการยืนเท้าชิดโดยที่มืออยู่ด้านข้างของลำตัว step2: จากนั้นกระโดดพร้อมกับแยกขาออกจากกัน ส่วนแขนนั้นยกขึ้นเหนือศีรษะ แล้วกลับมายังท่าเริ่มต้น ทำจำนวน 55 ครั้ง', '2', '18', 'http://localhost/recommendfit/Legworkoutday18.php', 1),
(50, 'squats level 7', 'leg1.gif', 'step 1: ยืนแยกขาประมาณหัวไหล่ ปลายเท้าชี้ไปด้านข้างนิดหนึ่ง หายใจเข้าพร้อมค่อยๆ ย่อตัวลง step 2: ย่อตัวลงให้ต้นขา ขนานกับพื้นหัวเข้างอ 90 องศา และหัวเข่าต้องไม่เลยปลายเท้า แล้วดันตัวขึ้นพร้อมกับหายใจออก ทำจำนวน 48 ครั้ง', '2', '19', 'http://localhost/recommendfit/Legworkoutday19.php', 1),
(51, 'Lunge level 7', 'leg2.gif', 'Step : 1 ยืนตัวตรง โดยให้ขาทั้งสองข้างกว้างประมาณหัวไหล่ ก้าวขาข้างใดข้างหนึ่งออกไปด้านหน้า ระยะประมาณ 2 ก้าวปกติ Step : 2 ย่อตัวลงตรง โดยให้หัวเข่าทำมุมประมาณ 90 องศา ตัวตั้งตรงไม่โน้มตัวยกตัวขึ้นพร้อมกับกลับมายืนในท่ายืนตรง ทำที่ละข้างหรือสลับข้างก็ได้ ทำจำนวน 48 ครั้ง', '2', '20', 'http://localhost/recommendfit/Legworkoutday20.php', 1),
(52, 'Jumping Jacks level 7', 'leg3.gif', 'step 1:เริ่มต้นด้วยการยืนเท้าชิดโดยที่มืออยู่ด้านข้างของลำตัว step2: จากนั้นกระโดดพร้อมกับแยกขาออกจากกัน ส่วนแขนนั้นยกขึ้นเหนือศีรษะ แล้วกลับมายังท่าเริ่มต้น ทำจำนวน 60 ครั้ง', '2', '21', 'http://localhost/recommendfit/Legworkoutday21.php', 1),
(53, 'squats level 8', 'leg1.gif', 'step 1: ยืนแยกขาประมาณหัวไหล่ ปลายเท้าชี้ไปด้านข้างนิดหนึ่ง หายใจเข้าพร้อมค่อยๆ ย่อตัวลง step 2: ย่อตัวลงให้ต้นขา ขนานกับพื้นหัวเข้างอ 90 องศา และหัวเข่าต้องไม่เลยปลายเท้า แล้วดันตัวขึ้นพร้อมกับหายใจออก ทำจำนวน 53 ครั้ง', '2', '22', 'http://localhost/recommendfit/Legworkoutday22.php', 1),
(54, 'Lunge level 8', 'leg2.gif', 'Step : 1 ยืนตัวตรง โดยให้ขาทั้งสองข้างกว้างประมาณหัวไหล่ ก้าวขาข้างใดข้างหนึ่งออกไปด้านหน้า ระยะประมาณ 2 ก้าวปกติ Step : 2 ย่อตัวลงตรง โดยให้หัวเข่าทำมุมประมาณ 90 องศา ตัวตั้งตรงไม่โน้มตัวยกตัวขึ้นพร้อมกับกลับมายืนในท่ายืนตรง ทำที่ละข้างหรือสลับข้างก็ได้ ทำจำนวน 55 ครั้ง	', '2', '23', 'http://localhost/recommendfit/Legworkoutday17.php', 1),
(55, 'Jumping Jacks level 8', 'leg3.gif', 'step 1:เริ่มต้นด้วยการยืนเท้าชิดโดยที่มืออยู่ด้านข้างของลำตัว step2: จากนั้นกระโดดพร้อมกับแยกขาออกจากกัน ส่วนแขนนั้นยกขึ้นเหนือศีรษะ แล้วกลับมายังท่าเริ่มต้น ทำจำนวน 65 ครั้ง		', '2', '24', 'http://localhost/recommendfit/Legworkoutday24.php', 1),
(56, 'squats level 9', 'leg1.gif', 'step 1: ยืนแยกขาประมาณหัวไหล่ ปลายเท้าชี้ไปด้านข้างนิดหนึ่ง หายใจเข้าพร้อมค่อยๆ ย่อตัวลง step 2: ย่อตัวลงให้ต้นขา ขนานกับพื้นหัวเข้างอ 90 องศา และหัวเข่าต้องไม่เลยปลายเท้า แล้วดันตัวขึ้นพร้อมกับหายใจออก ทำจำนวน 60 ครั้ง', '2', '25', 'http://localhost/recommendfit/Legworkoutday25.php', 1),
(57, 'Lunge level 9', 'leg2.gif', 'Step : 1 ยืนตัวตรง โดยให้ขาทั้งสองข้างกว้างประมาณหัวไหล่ ก้าวขาข้างใดข้างหนึ่งออกไปด้านหน้า ระยะประมาณ 2 ก้าวปกติ Step : 2 ย่อตัวลงตรง โดยให้หัวเข่าทำมุมประมาณ 90 องศา ตัวตั้งตรงไม่โน้มตัวยกตัวขึ้นพร้อมกับกลับมายืนในท่ายืนตรง ทำที่ละข้างหรือสลับข้างก็ได้ ทำจำนวน 63 ครั้ง	', '2', '26', 'http://localhost/recommendfit/Legworkoutday26.php	', 1),
(58, 'Jumping Jacks level 9', 'leg3.gif', 'step 1:เริ่มต้นด้วยการยืนเท้าชิดโดยที่มืออยู่ด้านข้างของลำตัว step2: จากนั้นกระโดดพร้อมกับแยกขาออกจากกัน ส่วนแขนนั้นยกขึ้นเหนือศีรษะ แล้วกลับมายังท่าเริ่มต้น ทำจำนวน 75ครั้ง', '2', '27', 'http://localhost/recommendfit/Legworkoutday27.php', 1),
(59, 'squats level 10', 'leg1.gif', 'step 1: ยืนแยกขาประมาณหัวไหล่ ปลายเท้าชี้ไปด้านข้างนิดหนึ่ง หายใจเข้าพร้อมค่อยๆ ย่อตัวลง step 2: ย่อตัวลงให้ต้นขา ขนานกับพื้นหัวเข้างอ 90 องศา และหัวเข่าต้องไม่เลยปลายเท้า แล้วดันตัวขึ้นพร้อมกับหายใจออก ทำจำนวน 65 ครั้ง', '2', '28', 'http://localhost/recommendfit/Legworkoutday28.php', 1),
(60, 'Lunge level 10', 'leg2.gif', 'Step : 1 ยืนตัวตรง โดยให้ขาทั้งสองข้างกว้างประมาณหัวไหล่ ก้าวขาข้างใดข้างหนึ่งออกไปด้านหน้า ระยะประมาณ 2 ก้าวปกติ Step : 2 ย่อตัวลงตรง โดยให้หัวเข่าทำมุมประมาณ 90 องศา ตัวตั้งตรงไม่โน้มตัวยกตัวขึ้นพร้อมกับกลับมายืนในท่ายืนตรง ทำที่ละข้างหรือสลับข้างก็ได้ ทำจำนวน 68 ครั้ง', '2', '29', 'http://localhost/recommendfit/Legworkoutday29.php', 1),
(61, 'Jumping Jacks level 10', 'leg3.gif', 'step 1:เริ่มต้นด้วยการยืนเท้าชิดโดยที่มืออยู่ด้านข้างของลำตัว step2: จากนั้นกระโดดพร้อมกับแยกขาออกจากกัน ส่วนแขนนั้นยกขึ้นเหนือศีรษะ แล้วกลับมายังท่าเริ่มต้น ทำจำนวน 90 ครั้ง', '2', '30', 'http://localhost/recommendfit/Legworkoutday30.php	', 1),
(62, 'Lying extension level 1', 'arm1.gif', 'step1:เริ่มต้นจากการค่อยๆคลายกล้ามเนื้อหลังแขนออก ลดบาร์เบลลงจนเกือบสัมผัสกับหน้าผากด้วยการงอแขน โดยที่ต้นแขนไม่ขยับ พร้อมกับสูดลมหายใจเข้าจนสุด\r\nstep2:ออกแรงเกร็งกล้ามเนื้อหลังแขน ยกบาร์เบลขึ้น เพื่อกลับสู่ท่าเตรียม พร้อมกับปล่อยลมหายใจออกจนสุด นับเป็น 1 ครั้ง ทำจำนวน 10 ครั้ง', '@@', '01', 'http://localhost/recommendfit/Armworkoutday1.php', 2),
(63, 'Pushup level 1', 'arm2.gif', 'step1:ท่าเตรียม ตั้งท่าวิดพื้น ยืดตัวขึ้น ให้แขนกว้างประมาณช่วงไหล่ เท้ากว้างเท่าช่วงสะโพก เชิดหน้าอก\r\nstep2:เริ่มฝึก ลดตัวลงสุด หน้าอกเกือบแตะพื้น จากนั้นยกตัวสู่ท่าเริ่มต้น ขณะดันตัวขึ้นให้บีบหน้าอกไว้ ไม่ต้องล็อกศอก\r\nทำจำนวน 10 ครั้ง', '@@', '02', 'http://localhost/recommendfit/Armworkoutday2.php', 2),
(64, 'Dips  level 1', 'arm3.gif', 'step1:วางมือบนเก้าอี้ เตียงหรือฐานของเราให้มั่นคง วางเท้าไปกับพื้น มองไปด้านหน้าเลื่อนตัวมาด้านหน้าเล็กน้อยพยายามให้ลำตัวอยู่ใกล้กับเก้าอี้ให้มากที่สุด เกร็งแขนไว้ ให้ก้นลอยอยู่\r\nstep2:ย่อตัวลงมาพร้อมหายใจเข้า ให้หลังตรงและใกล้เก้าอี้ ย่อตัวลงมาจนข้อศอกทำมุม90องศา เมื่อลงมาสุดให้หายใจออกพร้อมออกแรงดันตัวกลับสู่ตำแหน่งที่2 ระวังข้อศอกกาง พยายามให้ข้อศอกอยู่ข้างลำตัว \r\nทำจำนวน 10 ครั้ง', '@@', '03', 'http://localhost/recommendfit/Armworkoutday3.php', 2),
(65, 'Lying extension level 2', 'arm1.gif', 'step1:เริ่มต้นจากการค่อยๆคลายกล้ามเนื้อหลังแขนออก ลดบาร์เบลลงจนเกือบสัมผัสกับหน้าผากด้วยการงอแขน โดยที่ต้นแขนไม่ขยับ พร้อมกับสูดลมหายใจเข้าจนสุด step2:ออกแรงเกร็งกล้ามเนื้อหลังแขน ยกบาร์เบลขึ้น เพื่อกลับสู่ท่าเตรียม พร้อมกับปล่อยลมหายใจออกจนสุด นับเป็น 1 ครั้ง ทำจำนวน 20 ครั้ง	', '@@', '04', 'http://localhost/recommendfit/Armworkoutday4.php', 2),
(66, 'Pushup level 2', 'arm2.gif', 'step1:ท่าเตรียม ตั้งท่าวิดพื้น ยืดตัวขึ้น ให้แขนกว้างประมาณช่วงไหล่ เท้ากว้างเท่าช่วงสะโพก เชิดหน้าอก step2:เริ่มฝึก ลดตัวลงสุด หน้าอกเกือบแตะพื้น จากนั้นยกตัวสู่ท่าเริ่มต้น ขณะดันตัวขึ้นให้บีบหน้าอกไว้ ไม่ต้องล็อกศอก ทำจำนวน 15 ครั้ง	เเขน	', '@@', '05', 'http://localhost/recommendfit/Armworkoutday5.php', 2),
(67, 'Dips level 2', 'arm2.gif', 'step1:วางมือบนเก้าอี้ เตียงหรือฐานของเราให้มั่นคง วางเท้าไปกับพื้น มองไปด้านหน้าเลื่อนตัวมาด้านหน้าเล็กน้อยพยายามให้ลำตัวอยู่ใกล้กับเก้าอี้ให้มากที่สุด เกร็งแขนไว้ ให้ก้นลอยอยู่ step2:ย่อตัวลงมาพร้อมหายใจเข้า ให้หลังตรงและใกล้เก้าอี้ ย่อตัวลงมาจนข้อศอกทำมุม90องศา เมื่อลงมาสุดให้หายใจออกพร้อมออกแรงดันตัวกลับสู่ตำแหน่งที่2 ระวังข้อศอกกาง พยายามให้ข้อศอกอยู่ข้างลำตัว ทำจำนวน 15 ครั้ง	', '@@', '06', 'http://localhost/recommendfit/Armworkoutday6.php', 2),
(68, 'Lying extension level 3', 'arm1.gif', 'step1:เริ่มต้นจากการค่อยๆคลายกล้ามเนื้อหลังแขนออก ลดบาร์เบลลงจนเกือบสัมผัสกับหน้าผากด้วยการงอแขน โดยที่ต้นแขนไม่ขยับ พร้อมกับสูดลมหายใจเข้าจนสุด step2:ออกแรงเกร็งกล้ามเนื้อหลังแขน ยกบาร์เบลขึ้น เพื่อกลับสู่ท่าเตรียม พร้อมกับปล่อยลมหายใจออกจนสุด นับเป็น 1 ครั้ง ทำจำนวน 25 ครั้ง	', '@@', '07', 'http://localhost/recommendfit/Armworkoutday7.php', 2),
(69, 'Pushup level 3', 'arm2.gif', 'step1:ท่าเตรียม ตั้งท่าวิดพื้น ยืดตัวขึ้น ให้แขนกว้างประมาณช่วงไหล่ เท้ากว้างเท่าช่วงสะโพก เชิดหน้าอก step2:เริ่มฝึก ลดตัวลงสุด หน้าอกเกือบแตะพื้น จากนั้นยกตัวสู่ท่าเริ่มต้น ขณะดันตัวขึ้นให้บีบหน้าอกไว้ ไม่ต้องล็อกศอก ทำจำนวน 15 ครั้ง ', '@@', '08', 'http://localhost/recommendfit/Armworkoutday8.php', 2),
(70, 'Dips level 3', 'arm3.gif', 'step1:วางมือบนเก้าอี้ เตียงหรือฐานของเราให้มั่นคง วางเท้าไปกับพื้น มองไปด้านหน้าเลื่อนตัวมาด้านหน้าเล็กน้อยพยายามให้ลำตัวอยู่ใกล้กับเก้าอี้ให้มากที่สุด เกร็งแขนไว้ ให้ก้นลอยอยู่ step2:ย่อตัวลงมาพร้อมหายใจเข้า ให้หลังตรงและใกล้เก้าอี้ ย่อตัวลงมาจนข้อศอกทำมุม90องศา เมื่อลงมาสุดให้หายใจออกพร้อมออกแรงดันตัวกลับสู่ตำแหน่งที่2 ระวังข้อศอกกาง พยายามให้ข้อศอกอยู่ข้างลำตัว ทำจำนวน 20 ครั้ง			', '@@', '09', 'http://localhost/recommendfit/Armworkoutday9.php', 2),
(71, 'Lying extension level 4', 'arm1.gif', 'step1:เริ่มต้นจากการค่อยๆคลายกล้ามเนื้อหลังแขนออก ลดบาร์เบลลงจนเกือบสัมผัสกับหน้าผากด้วยการงอแขน โดยที่ต้นแขนไม่ขยับ พร้อมกับสูดลมหายใจเข้าจนสุด step2:ออกแรงเกร็งกล้ามเนื้อหลังแขน ยกบาร์เบลขึ้น เพื่อกลับสู่ท่าเตรียม พร้อมกับปล่อยลมหายใจออกจนสุด นับเป็น 1 ครั้ง ทำจำนวน 30 ครั้ง	', '@@', '10', 'http://localhost/recommendfit/Armworkoutday10.php', 2),
(72, 'Pushup level 4', 'arm2.gif', 'step1:ท่าเตรียม ตั้งท่าวิดพื้น ยืดตัวขึ้น ให้แขนกว้างประมาณช่วงไหล่ เท้ากว้างเท่าช่วงสะโพก เชิดหน้าอก step2:เริ่มฝึก ลดตัวลงสุด หน้าอกเกือบแตะพื้น จากนั้นยกตัวสู่ท่าเริ่มต้น ขณะดันตัวขึ้นให้บีบหน้าอกไว้ ไม่ต้องล็อกศอก ทำจำนวน20 ครั้ง	', '@@', '11', 'http://localhost/recommendfit/Armworkoutday11.php', 2),
(73, 'Dips level 4', 'arm3.gif', 'step1:วางมือบนเก้าอี้ เตียงหรือฐานของเราให้มั่นคง วางเท้าไปกับพื้น มองไปด้านหน้าเลื่อนตัวมาด้านหน้าเล็กน้อยพยายามให้ลำตัวอยู่ใกล้กับเก้าอี้ให้มากที่สุด เกร็งแขนไว้ ให้ก้นลอยอยู่ step2:ย่อตัวลงมาพร้อมหายใจเข้า ให้หลังตรงและใกล้เก้าอี้ ย่อตัวลงมาจนข้อศอกทำมุม90องศา เมื่อลงมาสุดให้หายใจออกพร้อมออกแรงดันตัวกลับสู่ตำแหน่งที่2 ระวังข้อศอกกาง พยายามให้ข้อศอกอยู่ข้างลำตัว ทำจำนวน 20 ครั้ง	', '@@', '12', 'http://localhost/recommendfit/Armworkoutday12.php', 2),
(74, 'Lying extension level 5', 'arm1.gif', 'step1:เริ่มต้นจากการค่อยๆคลายกล้ามเนื้อหลังแขนออก ลดบาร์เบลลงจนเกือบสัมผัสกับหน้าผากด้วยการงอแขน โดยที่ต้นแขนไม่ขยับ พร้อมกับสูดลมหายใจเข้าจนสุด step2:ออกแรงเกร็งกล้ามเนื้อหลังแขน ยกบาร์เบลขึ้น เพื่อกลับสู่ท่าเตรียม พร้อมกับปล่อยลมหายใจออกจนสุด นับเป็น 1 ครั้ง ทำจำนวน 40 ครั้ง	', '@@', '13', 'http://localhost/recommendfit/Armworkoutday13.php', 2),
(75, 'Pushup level 5	', 'arm2.gif', 'step1:ท่าเตรียม ตั้งท่าวิดพื้น ยืดตัวขึ้น ให้แขนกว้างประมาณช่วงไหล่ เท้ากว้างเท่าช่วงสะโพก เชิดหน้าอก step2:เริ่มฝึก ลดตัวลงสุด หน้าอกเกือบแตะพื้น จากนั้นยกตัวสู่ท่าเริ่มต้น ขณะดันตัวขึ้นให้บีบหน้าอกไว้ ไม่ต้องล็อกศอก ทำจำนวน 25 ครั้ง	', '@@', '14', 'http://localhost/recommendfit/Armworkoutday14.php	', 2),
(76, 'Dips level 5', 'arm3.gif', 'step1:วางมือบนเก้าอี้ เตียงหรือฐานของเราให้มั่นคง วางเท้าไปกับพื้น มองไปด้านหน้าเลื่อนตัวมาด้านหน้าเล็กน้อยพยายามให้ลำตัวอยู่ใกล้กับเก้าอี้ให้มากที่สุด เกร็งแขนไว้ ให้ก้นลอยอยู่ step2:ย่อตัวลงมาพร้อมหายใจเข้า ให้หลังตรงและใกล้เก้าอี้ ย่อตัวลงมาจนข้อศอกทำมุม90องศา เมื่อลงมาสุดให้หายใจออกพร้อมออกแรงดันตัวกลับสู่ตำแหน่งที่2 ระวังข้อศอกกาง พยายามให้ข้อศอกอยู่ข้างลำตัว ทำจำนวน 25 ครั้ง', '@@', '15', 'http://localhost/recommendfit/Armworkoutday15.php	', 2),
(77, 'Lying extension level 6', 'arm1.gif', 'step1:เริ่มต้นจากการค่อยๆคลายกล้ามเนื้อหลังแขนออก ลดบาร์เบลลงจนเกือบสัมผัสกับหน้าผากด้วยการงอแขน โดยที่ต้นแขนไม่ขยับ พร้อมกับสูดลมหายใจเข้าจนสุด step2:ออกแรงเกร็งกล้ามเนื้อหลังแขน ยกบาร์เบลขึ้น เพื่อกลับสู่ท่าเตรียม พร้อมกับปล่อยลมหายใจออกจนสุด นับเป็น 1 ครั้ง ทำจำนวน 45 ครั้ง	', '@@', '16', 'http://localhost/recommendfit/Armworkoutday16.php', 2),
(78, 'Pushup level 6', 'arm2.gif', 'step1:ท่าเตรียม ตั้งท่าวิดพื้น ยืดตัวขึ้น ให้แขนกว้างประมาณช่วงไหล่ เท้ากว้างเท่าช่วงสะโพก เชิดหน้าอก step2:เริ่มฝึก ลดตัวลงสุด หน้าอกเกือบแตะพื้น จากนั้นยกตัวสู่ท่าเริ่มต้น ขณะดันตัวขึ้นให้บีบหน้าอกไว้ ไม่ต้องล็อกศอก ทำจำนวน 30 ครั้ง	', '@@', '17', 'http://localhost/recommendfit/Armworkoutday17.php', 2),
(79, 'Dips level 6', 'arm3.gif', 'step1:วางมือบนเก้าอี้ เตียงหรือฐานของเราให้มั่นคง วางเท้าไปกับพื้น มองไปด้านหน้าเลื่อนตัวมาด้านหน้าเล็กน้อยพยายามให้ลำตัวอยู่ใกล้กับเก้าอี้ให้มากที่สุด เกร็งแขนไว้ ให้ก้นลอยอยู่ step2:ย่อตัวลงมาพร้อมหายใจเข้า ให้หลังตรงและใกล้เก้าอี้ ย่อตัวลงมาจนข้อศอกทำมุม90องศา เมื่อลงมาสุดให้หายใจออกพร้อมออกแรงดันตัวกลับสู่ตำแหน่งที่2 ระวังข้อศอกกาง พยายามให้ข้อศอกอยู่ข้างลำตัว ทำจำนวน 30 ครั้ง	', '@@', '18', 'http://localhost/recommendfit/Armworkoutday18.php', 2),
(80, 'Lying extension level 7', 'arm1.gif', 'step1:เริ่มต้นจากการค่อยๆคลายกล้ามเนื้อหลังแขนออก ลดบาร์เบลลงจนเกือบสัมผัสกับหน้าผากด้วยการงอแขน โดยที่ต้นแขนไม่ขยับ พร้อมกับสูดลมหายใจเข้าจนสุด step2:ออกแรงเกร็งกล้ามเนื้อหลังแขน ยกบาร์เบลขึ้น เพื่อกลับสู่ท่าเตรียม พร้อมกับปล่อยลมหายใจออกจนสุด นับเป็น 1 ครั้ง ทำจำนวน 50 ครั้ง', '@@', '19', 'http://localhost/recommendfit/Armworkoutday19.php', 2),
(81, 'Pushup level 7', 'arm2.gif', 'step1:ท่าเตรียม ตั้งท่าวิดพื้น ยืดตัวขึ้น ให้แขนกว้างประมาณช่วงไหล่ เท้ากว้างเท่าช่วงสะโพก เชิดหน้าอก step2:เริ่มฝึก ลดตัวลงสุด หน้าอกเกือบแตะพื้น จากนั้นยกตัวสู่ท่าเริ่มต้น ขณะดันตัวขึ้นให้บีบหน้าอกไว้ ไม่ต้องล็อกศอก ทำจำนวน 35 ครั้ง', '@@', '20', 'http://localhost/recommendfit/Armworkoutday20.php	', 2),
(82, 'Dips level 7', 'arm3.gif', 'step1:วางมือบนเก้าอี้ เตียงหรือฐานของเราให้มั่นคง วางเท้าไปกับพื้น มองไปด้านหน้าเลื่อนตัวมาด้านหน้าเล็กน้อยพยายามให้ลำตัวอยู่ใกล้กับเก้าอี้ให้มากที่สุด เกร็งแขนไว้ ให้ก้นลอยอยู่ step2:ย่อตัวลงมาพร้อมหายใจเข้า ให้หลังตรงและใกล้เก้าอี้ ย่อตัวลงมาจนข้อศอกทำมุม90องศา เมื่อลงมาสุดให้หายใจออกพร้อมออกแรงดันตัวกลับสู่ตำแหน่งที่2 ระวังข้อศอกกาง พยายามให้ข้อศอกอยู่ข้างลำตัว ทำจำนวน 35ครั้ง', '@@', '21', 'http://localhost/recommendfit/Armworkoutday21.php', 2),
(83, 'Lying extension level 8', 'arm1.gif', 'step1:เริ่มต้นจากการค่อยๆคลายกล้ามเนื้อหลังแขนออก ลดบาร์เบลลงจนเกือบสัมผัสกับหน้าผากด้วยการงอแขน โดยที่ต้นแขนไม่ขยับ พร้อมกับสูดลมหายใจเข้าจนสุด step2:ออกแรงเกร็งกล้ามเนื้อหลังแขน ยกบาร์เบลขึ้น เพื่อกลับสู่ท่าเตรียม พร้อมกับปล่อยลมหายใจออกจนสุด นับเป็น 1 ครั้ง ทำจำนวน  50 ครั้ง		', '@@', '22', 'http://localhost/recommendfit/Armworkoutday22.php', 2),
(84, 'Pushup level 8', 'arm2.gif', 'step1:ท่าเตรียม ตั้งท่าวิดพื้น ยืดตัวขึ้น ให้แขนกว้างประมาณช่วงไหล่ เท้ากว้างเท่าช่วงสะโพก เชิดหน้าอก step2:เริ่มฝึก ลดตัวลงสุด หน้าอกเกือบแตะพื้น จากนั้นยกตัวสู่ท่าเริ่มต้น ขณะดันตัวขึ้นให้บีบหน้าอกไว้ ไม่ต้องล็อกศอก ทำจำนวน 35 ครั้ง	', '@@', '23', 'http://localhost/recommendfit/Armworkoutday23.php	', 2),
(85, 'Dips level 8', 'arm3.gif', 'step1:วางมือบนเก้าอี้ เตียงหรือฐานของเราให้มั่นคง วางเท้าไปกับพื้น มองไปด้านหน้าเลื่อนตัวมาด้านหน้าเล็กน้อยพยายามให้ลำตัวอยู่ใกล้กับเก้าอี้ให้มากที่สุด เกร็งแขนไว้ ให้ก้นลอยอยู่ step2:ย่อตัวลงมาพร้อมหายใจเข้า ให้หลังตรงและใกล้เก้าอี้ ย่อตัวลงมาจนข้อศอกทำมุม90องศา เมื่อลงมาสุดให้หายใจออกพร้อมออกแรงดันตัวกลับสู่ตำแหน่งที่2 ระวังข้อศอกกาง พยายามให้ข้อศอกอยู่ข้างลำตัว ทำจำนวน 35 ครั้ง', '@@', '24', 'http://localhost/recommendfit/Armworkoutday24.php', 2),
(86, 'Lying extension level 9', 'arm1.gif', 'step1:เริ่มต้นจากการค่อยๆคลายกล้ามเนื้อหลังแขนออก ลดบาร์เบลลงจนเกือบสัมผัสกับหน้าผากด้วยการงอแขน โดยที่ต้นแขนไม่ขยับ พร้อมกับสูดลมหายใจเข้าจนสุด step2:ออกแรงเกร็งกล้ามเนื้อหลังแขน ยกบาร์เบลขึ้น เพื่อกลับสู่ท่าเตรียม พร้อมกับปล่อยลมหายใจออกจนสุด นับเป็น 1 ครั้ง ทำจำนวน 55 ครั้ง	', '@@', '25', 'http://localhost/recommendfit/Armworkoutday25.php', 2),
(87, 'Pushup level 9', 'arm2.gif', 'step1:ท่าเตรียม ตั้งท่าวิดพื้น ยืดตัวขึ้น ให้แขนกว้างประมาณช่วงไหล่ เท้ากว้างเท่าช่วงสะโพก เชิดหน้าอก step2:เริ่มฝึก ลดตัวลงสุด หน้าอกเกือบแตะพื้น จากนั้นยกตัวสู่ท่าเริ่มต้น ขณะดันตัวขึ้นให้บีบหน้าอกไว้ ไม่ต้องล็อกศอก ทำจำนวน 40 ครั้ง', '@@', '26', 'http://localhost/recommendfit/Armworkoutday26.php', 2),
(88, 'Dips level 9', 'arm3.gif', 'step1:วางมือบนเก้าอี้ เตียงหรือฐานของเราให้มั่นคง วางเท้าไปกับพื้น มองไปด้านหน้าเลื่อนตัวมาด้านหน้าเล็กน้อยพยายามให้ลำตัวอยู่ใกล้กับเก้าอี้ให้มากที่สุด เกร็งแขนไว้ ให้ก้นลอยอยู่ step2:ย่อตัวลงมาพร้อมหายใจเข้า ให้หลังตรงและใกล้เก้าอี้ ย่อตัวลงมาจนข้อศอกทำมุม90องศา เมื่อลงมาสุดให้หายใจออกพร้อมออกแรงดันตัวกลับสู่ตำแหน่งที่2 ระวังข้อศอกกาง พยายามให้ข้อศอกอยู่ข้างลำตัว ทำจำนวน 40 ครั้ง	', '@@', '27', 'http://localhost/recommendfit/Armworkoutday27.php', 2),
(89, 'Lying extension level 10', 'arm1.gif', 'step1:วางมือบนเก้าอี้ เตียงหรือฐานของเราให้มั่นคง วางเท้าไปกับพื้น มองไปด้านหน้าเลื่อนตัวมาด้านหน้าเล็กน้อยพยายามให้ลำตัวอยู่ใกล้กับเก้าอี้ให้มากที่สุด เกร็งแขนไว้ ให้ก้นลอยอยู่ step2:ย่อตัวลงมาพร้อมหายใจเข้า ให้หลังตรงและใกล้เก้าอี้ ย่อตัวลงมาจนข้อศอกทำมุม90องศา เมื่อลงมาสุดให้หายใจออกพร้อมออกแรงดันตัวกลับสู่ตำแหน่งที่2 ระวังข้อศอกกาง พยายามให้ข้อศอกอยู่ข้างลำตัว ทำจำนวน 55 ครั้ง	', '@@', '28', 'http://localhost/recommendfit/Armworkoutday28.php', 2),
(90, 'Pushup level 10', 'arm2.gif', 'step1:ท่าเตรียม ตั้งท่าวิดพื้น ยืดตัวขึ้น ให้แขนกว้างประมาณช่วงไหล่ เท้ากว้างเท่าช่วงสะโพก เชิดหน้าอก step2:เริ่มฝึก ลดตัวลงสุด หน้าอกเกือบแตะพื้น จากนั้นยกตัวสู่ท่าเริ่มต้น ขณะดันตัวขึ้นให้บีบหน้าอกไว้ ไม่ต้องล็อกศอก ทำจำนวน 45 ครั้ง		', '@@', '29', 'http://localhost/recommendfit/Armworkoutday29.php', 2),
(91, 'Dips level 10', 'arm3.gif', 'step1:วางมือบนเก้าอี้ เตียงหรือฐานของเราให้มั่นคง วางเท้าไปกับพื้น มองไปด้านหน้าเลื่อนตัวมาด้านหน้าเล็กน้อยพยายามให้ลำตัวอยู่ใกล้กับเก้าอี้ให้มากที่สุด เกร็งแขนไว้ ให้ก้นลอยอยู่ step2:ย่อตัวลงมาพร้อมหายใจเข้า ให้หลังตรงและใกล้เก้าอี้ ย่อตัวลงมาจนข้อศอกทำมุม90องศา เมื่อลงมาสุดให้หายใจออกพร้อมออกแรงดันตัวกลับสู่ตำแหน่งที่2 ระวังข้อศอกกาง พยายามให้ข้อศอกอยู่ข้างลำตัว ทำจำนวน 45 ครั้ง		', '@@', '30', 'http://localhost/recommendfit/Armworkoutday30.php', 2),
(92, 'Bridges level 1', 'stoma.gif', 'Step1:นอนหงายและพับขาเข้ามาให้ไกล้ลำตัว และยกสะโพกขึ้น\r\nStep2:ตอนขึ้นให้หายใจออก และขาลง ลงช้าๆ หายใจเข้า นับเป็น 1 ครั้ง ทำจำนวน  10 ครั้ง', '+I2I-', '01', 'http://localhost/recommendfit/Stomachworkoutday1.php', 3),
(93, 'Flutter Kick level 1', 'stoma1.gif', 'Step1:นอนราบกับพื้น วางแขนไว้ข้างลำตัว หรือจะสอดแขนไว้ใต้ก้นก็แล้วแต่ถนัด \r\nStep2:จากนั้นยกขาขึ้นจากพื้นประมาณ 6 นิ้ว แล้วเตะขากลางอากาศสลับข้างกันไป-มาเร็ว ๆ ทำจำนวน 12 ครั้ง', '+I2I-', '02', 'http://localhost/recommendfit/Stomachworkoutday2.php', 3),
(94, 'Bicycle Crunch level 1', 'stoma2.gif', 'Step1:ท่าเริ่มต้นคือนอนหงายราบบนพื้น ประสานมือไว้ที่ท้ายทอย ยกส้นเท้าให้ลอยจากพื้นประมาณ 2 นิ้ว เชิดคางขึ้นและเกร็งหน้าท้องไว้\r\nStep2:จากนั้นดึงข้อศอกขวาไปแตะกับหัวเข่าซ้ายโดยยกเข่าซ้ายเข้ามาหาด้วย\r\nค้างไว้ประมาณ 2 วินาที ณ จุดที่เกร็งที่สุด สลับกันทำอีกข้างหนึ่ง คือให้ข้อศอกซ้ายแตะหัวเข่าขวา และสลับกันไปเรื่อยๆ ทำจำนวน 15 ครั้ง\r\n', '+I2I-', '03', 'http://localhost/recommendfit/Stomachworkoutday3.php', 3),
(95, 'Bridges level 2', 'stoma2.gif', 'Step1:นอนหงายและพับขาเข้ามาให้ไกล้ลำตัว และยกสะโพกขึ้น Step2:ตอนขึ้นให้หายใจออก และขาลง ลงช้าๆ หายใจเข้า นับเป็น 1 ครั้ง ทำจำนวน 15 ครั้ง		', '+I2I-', '04', 'http://localhost/recommendfit/Stomachworkoutday4.php', 3),
(96, 'Flutter Kick level 2	', 'stoma1.gif', 'Step1:นอนราบกับพื้น วางแขนไว้ข้างลำตัว หรือจะสอดแขนไว้ใต้ก้นก็แล้วแต่ถนัด Step2:จากนั้นยกขาขึ้นจากพื้นประมาณ 6 นิ้ว แล้วเตะขากลางอากาศสลับข้างกันไป-มาเร็ว ๆ ทำจำนวน 20 ครั้ง	', '+I2I-', '05', 'http://localhost/recommendfit/Stomachworkoutday5.php', 3),
(97, 'Bicycle Crunch level 2', 'stoma2.gif', 'Step1:ท่าเริ่มต้นคือนอนหงายราบบนพื้น ประสานมือไว้ที่ท้ายทอย ยกส้นเท้าให้ลอยจากพื้นประมาณ 2 นิ้ว เชิดคางขึ้นและเกร็งหน้าท้องไว้ Step2:จากนั้นดึงข้อศอกขวาไปแตะกับหัวเข่าซ้ายโดยยกเข่าซ้ายเข้ามาหาด้วย ค้างไว้ประมาณ 2 วินาที ณ จุดที่เกร็งที่สุด สลับกันทำอีกข้างหนึ่ง คือให้ข้อศอกซ้ายแตะหัวเข่าขวา และสลับกันไปเรื่อยๆ ทำจำนวน 20 ครั้ง	', '+I2I-', '06', 'http://localhost/recommendfit/Stomachworkoutday6.php', 3),
(98, 'Bridges level 3', 'stoma.gif', 'Step1:นอนหงายและพับขาเข้ามาให้ไกล้ลำตัว และยกสะโพกขึ้น Step2:ตอนขึ้นให้หายใจออก และขาลง ลงช้าๆ หายใจเข้า นับเป็น 1 ครั้ง ทำจำนวน 22 ครั้ง	', '+I2I-', '07', 'http://localhost/recommendfit/Stomachworkoutday7.php', 3),
(99, 'Flutter Kick level 3', 'stoma1.gif', 'Step1:นอนราบกับพื้น วางแขนไว้ข้างลำตัว หรือจะสอดแขนไว้ใต้ก้นก็แล้วแต่ถนัด Step2:จากนั้นยกขาขึ้นจากพื้นประมาณ 6 นิ้ว แล้วเตะขากลางอากาศสลับข้างกันไป-มาเร็ว ๆ ทำจำนวน 22 ครั้ง		', '+I2I-', '08', 'http://localhost/recommendfit/Stomachworkoutday8.php', 3),
(100, 'Bicycle Crunch level 3', 'stoma2.gif', 'Step1:ท่าเริ่มต้นคือนอนหงายราบบนพื้น ประสานมือไว้ที่ท้ายทอย ยกส้นเท้าให้ลอยจากพื้นประมาณ 2 นิ้ว เชิดคางขึ้นและเกร็งหน้าท้องไว้ Step2:จากนั้นดึงข้อศอกขวาไปแตะกับหัวเข่าซ้ายโดยยกเข่าซ้ายเข้ามาหาด้วย ค้างไว้ประมาณ 2 วินาที ณ จุดที่เกร็งที่สุด สลับกันทำอีกข้างหนึ่ง คือให้ข้อศอกซ้ายแตะหัวเข่าขวา และสลับกันไปเรื่อยๆ ทำจำนวน 20 ครั้ง	', '+I2I-', '09', 'http://localhost/recommendfit/Stomachworkoutday9.php', 3),
(101, 'Bridges level 4', 'stoma.gif', 'Step1:นอนหงายและพับขาเข้ามาให้ไกล้ลำตัว และยกสะโพกขึ้น Step2:ตอนขึ้นให้หายใจออก และขาลง ลงช้าๆ หายใจเข้า นับเป็น 1 ครั้ง ทำจำนวน 25 ครั้ง	', '+I2I-', '10', 'http://localhost/recommendfit/Stomachworkoutday10.php', 3),
(102, 'Flutter Kick level 4', 'stoma1.gif', 'Step1:นอนราบกับพื้น วางแขนไว้ข้างลำตัว หรือจะสอดแขนไว้ใต้ก้นก็แล้วแต่ถนัด Step2:จากนั้นยกขาขึ้นจากพื้นประมาณ 6 นิ้ว แล้วเตะขากลางอากาศสลับข้างกันไป-มาเร็ว ๆ ทำจำนวน 30 ครั้ง	', '+I2I-', '11', 'http://localhost/recommendfit/Stomachworkoutday11.php', 3),
(103, 'Bicycle Crunch level 4', 'stoma2.gif', 'Step1:ท่าเริ่มต้นคือนอนหงายราบบนพื้น ประสานมือไว้ที่ท้ายทอย ยกส้นเท้าให้ลอยจากพื้นประมาณ 2 นิ้ว เชิดคางขึ้นและเกร็งหน้าท้องไว้ Step2:จากนั้นดึงข้อศอกขวาไปแตะกับหัวเข่าซ้ายโดยยกเข่าซ้ายเข้ามาหาด้วย ค้างไว้ประมาณ 2 วินาที ณ จุดที่เกร็งที่สุด สลับกันทำอีกข้างหนึ่ง คือให้ข้อศอกซ้ายแตะหัวเข่าขวา และสลับกันไปเรื่อยๆ ทำจำนวน 30ครั้ง			', '+I2I-', '12', 'http://localhost/recommendfit/Stomachworkoutday12.php', 3),
(104, 'Bridges level 5', 'stoma.gif', 'Step1:นอนหงายและพับขาเข้ามาให้ไกล้ลำตัว และยกสะโพกขึ้น Step2:ตอนขึ้นให้หายใจออก และขาลง ลงช้าๆ หายใจเข้า นับเป็น 1 ครั้ง ทำจำนวน 35 ครั้ง	', '+I2I-', '13', 'http://localhost/recommendfit/Stomachworkoutday13.php', 3),
(105, 'Flutter Kick level 5', 'stoma1.gif', 'Step1:นอนราบกับพื้น วางแขนไว้ข้างลำตัว หรือจะสอดแขนไว้ใต้ก้นก็แล้วแต่ถนัด Step2:จากนั้นยกขาขึ้นจากพื้นประมาณ 6 นิ้ว แล้วเตะขากลางอากาศสลับข้างกันไป-มาเร็ว ๆ ทำจำนวน 40 ครั้ง', '+I2I-', '14', 'http://localhost/recommendfit/Stomachworkoutday14.php', 3),
(106, 'Bicycle Crunch level 5', 'stoma2.gif', 'Step1:ท่าเริ่มต้นคือนอนหงายราบบนพื้น ประสานมือไว้ที่ท้ายทอย ยกส้นเท้าให้ลอยจากพื้นประมาณ 2 นิ้ว เชิดคางขึ้นและเกร็งหน้าท้องไว้ Step2:จากนั้นดึงข้อศอกขวาไปแตะกับหัวเข่าซ้ายโดยยกเข่าซ้ายเข้ามาหาด้วย ค้างไว้ประมาณ 2 วินาที ณ จุดที่เกร็งที่สุด สลับกันทำอีกข้างหนึ่ง คือให้ข้อศอกซ้ายแตะหัวเข่าขวา และสลับกันไปเรื่อยๆ ทำจำนวน 40 ครั้ง	', '+I2I-', '15', 'http://localhost/recommendfit/Stomachworkoutday15.php', 3),
(107, 'Bridges level 6', 'stoma.gif', 'Step1:นอนหงายและพับขาเข้ามาให้ไกล้ลำตัว และยกสะโพกขึ้น Step2:ตอนขึ้นให้หายใจออก และขาลง ลงช้าๆ หายใจเข้า นับเป็น 1 ครั้ง ทำจำนวน 40 ครั้ง	', '+I2I-', '16', 'http://localhost/recommendfit/Stomachworkoutday16.php', 3),
(108, 'Flutter Kick level 6', 'stoma1.gif', 'Step1:นอนราบกับพื้น วางแขนไว้ข้างลำตัว หรือจะสอดแขนไว้ใต้ก้นก็แล้วแต่ถนัด Step2:จากนั้นยกขาขึ้นจากพื้นประมาณ 6 นิ้ว แล้วเตะขากลางอากาศสลับข้างกันไป-มาเร็ว ๆ ทำจำนวน42 ครั้ง ', '+I2I-', '17', 'http://localhost/recommendfit/Stomachworkoutday17.php', 3),
(109, 'Bicycle Crunch level 6', 'stoma2.gif', 'Step1:ท่าเริ่มต้นคือนอนหงายราบบนพื้น ประสานมือไว้ที่ท้ายทอย ยกส้นเท้าให้ลอยจากพื้นประมาณ 2 นิ้ว เชิดคางขึ้นและเกร็งหน้าท้องไว้ Step2:จากนั้นดึงข้อศอกขวาไปแตะกับหัวเข่าซ้ายโดยยกเข่าซ้ายเข้ามาหาด้วย ค้างไว้ประมาณ 2 วินาที ณ จุดที่เกร็งที่สุด สลับกันทำอีกข้างหนึ่ง คือให้ข้อศอกซ้ายแตะหัวเข่าขวา และสลับกันไปเรื่อยๆ ทำจำนวน 45 ครั้ง', '+I2I-', '18', 'http://localhost/recommendfit/Stomachworkoutday18.php', 3),
(110, 'Bridges level 7', 'stoma.gif', 'Step1:นอนหงายและพับขาเข้ามาให้ไกล้ลำตัว และยกสะโพกขึ้น Step2:ตอนขึ้นให้หายใจออก และขาลง ลงช้าๆ หายใจเข้า นับเป็น 1 ครั้ง ทำจำนวน 45 ครั้ง	', '+I2I-', '19', 'http://localhost/recommendfit/Stomachworkoutday19.php', 3),
(111, 'Flutter Kick level 7', 'stoma1.gif', 'Step1:นอนราบกับพื้น วางแขนไว้ข้างลำตัว หรือจะสอดแขนไว้ใต้ก้นก็แล้วแต่ถนัด Step2:จากนั้นยกขาขึ้นจากพื้นประมาณ 6 นิ้ว แล้วเตะขากลางอากาศสลับข้างกันไป-มาเร็ว ๆ ทำจำนวน45 ครั้ง	', '+I2I-', '20', 'http://localhost/recommendfit/Stomachworkoutday20.php', 3),
(112, 'Bicycle Crunch level 7', 'stoma2.gif', 'Step1:ท่าเริ่มต้นคือนอนหงายราบบนพื้น ประสานมือไว้ที่ท้ายทอย ยกส้นเท้าให้ลอยจากพื้นประมาณ 2 นิ้ว เชิดคางขึ้นและเกร็งหน้าท้องไว้ Step2:จากนั้นดึงข้อศอกขวาไปแตะกับหัวเข่าซ้ายโดยยกเข่าซ้ายเข้ามาหาด้วย ค้างไว้ประมาณ 2 วินาที ณ จุดที่เกร็งที่สุด สลับกันทำอีกข้างหนึ่ง คือให้ข้อศอกซ้ายแตะหัวเข่าขวา และสลับกันไปเรื่อยๆ ทำจำนวน 50 ครั้ง', '+I2I-', '21', 'http://localhost/recommendfit/Stomachworkoutday21.php', 3),
(113, 'Bridges level 8', 'stoma.gif', 'Step1:นอนหงายและพับขาเข้ามาให้ไกล้ลำตัว และยกสะโพกขึ้น Step2:ตอนขึ้นให้หายใจออก และขาลง ลงช้าๆ หายใจเข้า นับเป็น 1 ครั้ง ทำจำนวน 55 ครั้ง', '+I2I-', '22', 'http://localhost/recommendfit/Stomachworkoutday22.php', 3),
(114, 'Flutter Kick level 8', 'stoma1.gif', 'Step1:นอนราบกับพื้น วางแขนไว้ข้างลำตัว หรือจะสอดแขนไว้ใต้ก้นก็แล้วแต่ถนัด Step2:จากนั้นยกขาขึ้นจากพื้นประมาณ 6 นิ้ว แล้วเตะขากลางอากาศสลับข้างกันไป-มาเร็ว ๆ ทำจำนวน55 ครั้ง', '+I2I-', '23', 'http://localhost/recommendfit/Stomachworkoutday23.php', 3),
(115, 'Bicycle Crunch level 8', 'stoma2.gif', 'Step1:ท่าเริ่มต้นคือนอนหงายราบบนพื้น ประสานมือไว้ที่ท้ายทอย ยกส้นเท้าให้ลอยจากพื้นประมาณ 2 นิ้ว เชิดคางขึ้นและเกร็งหน้าท้องไว้ Step2:จากนั้นดึงข้อศอกขวาไปแตะกับหัวเข่าซ้ายโดยยกเข่าซ้ายเข้ามาหาด้วย ค้างไว้ประมาณ 2 วินาที ณ จุดที่เกร็งที่สุด สลับกันทำอีกข้างหนึ่ง คือให้ข้อศอกซ้ายแตะหัวเข่าขวา และสลับกันไปเรื่อยๆ ทำจำนวน 55 ครั้ง', '+I2I-', '24', 'http://localhost/recommendfit/Stomachworkoutday24.php', 3),
(116, 'Bridges level 9', 'stoma.gif', 'Step1:นอนหงายและพับขาเข้ามาให้ไกล้ลำตัว และยกสะโพกขึ้น Step2:ตอนขึ้นให้หายใจออก และขาลง ลงช้าๆ หายใจเข้า นับเป็น 1 ครั้ง ทำจำนวน 60ครั้ง	', '+I2I-', '25', 'http://localhost/recommendfit/Stomachworkoutday25.php', 3),
(117, 'Flutter Kick level 9', 'stoma1.gif', 'Step1:นอนราบกับพื้น วางแขนไว้ข้างลำตัว หรือจะสอดแขนไว้ใต้ก้นก็แล้วแต่ถนัด Step2:จากนั้นยกขาขึ้นจากพื้นประมาณ 6 นิ้ว แล้วเตะขากลางอากาศสลับข้างกันไป-มาเร็ว ๆ ทำจำนวน65 ครั้ง', '+I2I-', '26', 'http://localhost/recommendfit/Stomachworkoutday26.php', 3),
(118, 'Bicycle Crunch level 9', 'stoma2.gif', 'Step1:ท่าเริ่มต้นคือนอนหงายราบบนพื้น ประสานมือไว้ที่ท้ายทอย ยกส้นเท้าให้ลอยจากพื้นประมาณ 2 นิ้ว เชิดคางขึ้นและเกร็งหน้าท้องไว้ Step2:จากนั้นดึงข้อศอกขวาไปแตะกับหัวเข่าซ้ายโดยยกเข่าซ้ายเข้ามาหาด้วย ค้างไว้ประมาณ 2 วินาที ณ จุดที่เกร็งที่สุด สลับกันทำอีกข้างหนึ่ง คือให้ข้อศอกซ้ายแตะหัวเข่าขวา และสลับกันไปเรื่อยๆ ทำจำนวน 70 ครั้ง', '+I2I-', '27', 'http://localhost/recommendfit/Stomachworkoutday27.php', 3),
(119, 'Bridges level 10', 'stoma.gif', 'Step1:นอนหงายและพับขาเข้ามาให้ไกล้ลำตัว และยกสะโพกขึ้น Step2:ตอนขึ้นให้หายใจออก และขาลง ลงช้าๆ หายใจเข้า นับเป็น 1 ครั้ง ทำจำนวน 70ครั้ง', '+I2I-', '28', 'http://localhost/recommendfit/Stomachworkoutday28.php', 3),
(120, 'Flutter Kick level 10', 'stoma1.gif', 'Step1:นอนราบกับพื้น วางแขนไว้ข้างลำตัว หรือจะสอดแขนไว้ใต้ก้นก็แล้วแต่ถนัด Step2:จากนั้นยกขาขึ้นจากพื้นประมาณ 6 นิ้ว แล้วเตะขากลางอากาศสลับข้างกันไป-มาเร็ว ๆ ทำจำนวน75 ครั้ง', '+I2I-', '29', 'http://localhost/recommendfit/Stomachworkoutday29.php', 3),
(121, 'Bicycle Crunch level 10', 'stoma2.gif', 'Step1:ท่าเริ่มต้นคือนอนหงายราบบนพื้น ประสานมือไว้ที่ท้ายทอย ยกส้นเท้าให้ลอยจากพื้นประมาณ 2 นิ้ว เชิดคางขึ้นและเกร็งหน้าท้องไว้ Step2:จากนั้นดึงข้อศอกขวาไปแตะกับหัวเข่าซ้ายโดยยกเข่าซ้ายเข้ามาหาด้วย ค้างไว้ประมาณ 2 วินาที ณ จุดที่เกร็งที่สุด สลับกันทำอีกข้างหนึ่ง คือให้ข้อศอกซ้ายแตะหัวเข่าขวา และสลับกันไปเรื่อยๆ ทำจำนวน 80 ครั้ง', '+I2I-', '30', 'http://localhost/recommendfit/Stomachworkoutday30.php', 3);

-- --------------------------------------------------------

--
-- Table structure for table `food`
--

CREATE TABLE `food` (
  `foodID` char(4) NOT NULL,
  `foodName` varchar(30) NOT NULL,
  `calories` int(4) NOT NULL,
  `value` varchar(20) NOT NULL,
  `imagefood` varchar(50) NOT NULL
) ENGINE=InnoDB DEFAULT CHARSET=utf8;

--
-- Dumping data for table `food`
--

INSERT INTO `food` (`foodID`, `foodName`, `calories`, `value`, `imagefood`) VALUES
('B001', 'กระเพาะปลา', 150, '1 ชาม', 'bf1.jpg'),
('B002', 'ก๋วยจั๊บ', 240, '1 ชาม', 'bf2.jpg'),
('B003', 'ก๋วยจั๊บญวณ', 235, '1 ถ้วย', 'bf3.jpg'),
('B004', 'ก๋วยเตี๋ยวหลอด ', 225, '1 จาน', 'bf4.jpg'),
('B005', 'ขนมปังปิ้ง ', 313, '2แผ่น', 'bf5.jpg'),
('B006', 'ขนมปังปอนด์ ', 80, '1 แผ่น', 'bf6.jpg'),
('B007', 'ขนมปังน้ำสลัดหมูหยอง ', 230, '1 ชิ้น', 'bf7.jpg'),
('B008', 'ขนมปังฮาวายเอี้ยน ', 300, '1 ชิ้น', 'bf8.JPG'),
('B009', 'ขนมปังไส้กรอก ', 130, '1 ชิ้น', 'bf9.jpg'),
('B010', 'ขนมปังไส้หมูหยอง ', 185, '1 ชิ้น', 'bf10.jpg'),
('B011', 'ข้าวต้ม(ข้าวกล้อง) ', 120, '1 ถ้วย', 'bf11.jpg'),
('B012', 'ข้าวมันไก่ ', 585, '1 จาน', 'bf12.jpg'),
('B013', 'ข้าวมันไก่ทอด ', 695, '1 จาน', 'bf13.jpg'),
('B014', 'ข้าวหมูแดง ', 560, '1 จาน	', 'bf14.jpg'),
('B015', 'ข้าวไก่อบ ', 490, '1 จาน', 'bf15.jpg'),
('B016', 'คอร์นเฟลค', 110, '1 ถ้วยตวง', 'bf16.jpg'),
('B017', 'ซาลาเปาไส้หมู ', 120, '1 ลูก', 'bf17.jpg'),
('B018', 'ซุปข้าวโพด ', 140, '1 ถ้วย', 'bf18.jpg'),
('B019', 'ซุปใส (ผัก) ', 15, '1 ถ้วย', 'bf19.jpg'),
('B020', 'ต้มจับฉ่าย ', 180, '1 ถ้วย', 'bf20.JPG'),
('B021', 'ต้มหัวผักกาดขาว ซี่โครงหมู ', 90, '1 ถ้วย', 'bf21.jpg'),
('B022', 'ต้มเลือดหมู', 120, '1 ถ้วย', 'bf22.jpg'),
('B023', 'พายทูน่า ', 280, '1 ชิ้น', 'bf23.jpg'),
('B024', 'เกี๊ยวน้ำกุ้ง ', 275, '1 ถ้วย', 'bf24.jpg'),
('B025', 'เกี๊ยวปลาน้ำ ', 165, '1 ถ้วย', 'bf25.jpg'),
('B026', 'เป็ดพะโล้ ', 110, '1 ถ้วย', 'bf26.jpg'),
('B027', 'แกงจืดตำลึงหมูสับ ', 90, '1 ถ้วย', 'bf27.jpg'),
('B028', 'แกงจืดถั่วงอกหมูสับ ', 50, '1 ถ้วย', 'bf28.jpg'),
('B029', 'แกงจืดฟักยัดไส้ ', 90, '1 ถ้วย', 'bf29.jpg'),
('B030', 'แกงจืดมะระยัดไส้ ', 90, '1 ถ้วย', 'bf30.jpg'),
('B031', 'แกงจืดวุ้นเส้น ', 115, '1 ถ้วย', 'bf31.jpg'),
('B032', 'แกงจืดเต้าหู้ยัดไส้ ', 110, '1 ถ้วย', 'bf32.jpg'),
('B033', 'แกงจืดเต้าหู้หมูสับ ', 80, '1 ถ้วย', 'bf33.jpg'),
('B034', 'แกงจืดไข่เจียว (ไข่ 1 ฟอง)	', 220, '1 ถ้วย', 'bf34.jpg'),
('B035', 'ไข่ดาว', 165, ' 1 ฟอง', 'bf35.jpg'),
('B036', 'ไข่ดาวทรงเครื่อง ', 250, '1 จาน', 'bf36.jpg'),
('B037', 'ไข่ตุ๋น ', 75, '1 ฟอง', 'bf37.jpg'),
('B038', 'ไข่ยัดไส้ ', 310, '1 จาน', 'bf38.jpg'),
('B039', 'ไข่ลวก ', 75, '1 ฟอง', 'bf39.jpg'),
('B040', 'ไข่ลูกเขย ', 205, '1 ฟอง', 'bf40.jpg'),
('B041', 'วาฟเฟิล ', 350, '1 ชิ้น', 'bf41.jpg'),
('B042', 'โจ๊กหมู ', 160, '1 ถ้วย', 'bf42.jpg'),
('B043', 'โจ๊กหมู ตับ ไข่ลวก', 230, '1 ถ้วย', 'bf43.jpg'),
('B044', 'กุ้งนางนึ่งนมสด', 185, '1 ถ้วย', 'bf44.jpg'),
('B045', 'กุ้งนึ่งกระเทียม', 124, '1 จาน', 'bf45.jpg'),
('B046', 'เกาเหลาราดหน้า', 300, '1 ถ้วย', 'bf46.jpg'),
('B047', 'เกาเหลาลูกชิ้นน้ำ', 225, '1 ถ้วย', 'bf47.jpg'),
('B048', 'ข้าวต้มทรงเครื่อง', 230, '1 ถ้วย', 'bf48.jpg'),
('B049', 'ข้าวต้มปลา', 325, '1 ถ้วย', 'bf49.jpg'),
('B050', 'แซนวิชแฮม ชีส	', 290, '1 คู่', 'bf50.jpg'),
('B051', 'ต้มผักกาดดองซี่โครงหมู', 90, '1 ถ้วย', 'bf51.jpg'),
('B052', 'แซนวิชทูน่า', 180, '1 คู่', 'bf52.jpg'),
('B053', 'แซนวิชไส้กรอก ชีส', 290, '1 คู่', 'bf53.jpg'),
('B054', 'ราดหน้าเส้นใหญ่หมู', 405, '1 จาน', 'bf54.jpg'),
('B055', 'เส้นหมี่ลูกชิ้นน้ำใส', 225, '1 ถ้วย', 'bf55.jpg'),
('B056', 'เห็ดผัดน้ำมันหอย', 185, '1 จาน', 'bf56.jpg'),
('B057', 'ปลาหมึกนึ่งมะนาว ', 75, '1 ตัว', 'bf57.jpg'),
('B058', 'ปลาแซลมอนย่าง ', 260, '1 จาน', 'bf58.jpg'),
('B059', 'ผัดวุ้นเส้นใส่ไข่ ', 265, '1 จาน', 'bf59.jpg'),
('B060', 'ผัดหน่อไม้กับไข่', 200, '1 จาน', 'bf60.jpg'),
('B061', 'ผัดหน่อไม้ฝรั่งกับกุ้ง ', 230, '1 จาน', 'bf61.jpg'),
('B062', 'ผัดเปรี้ยวหวานไก่ ', 215, '1 จาน', 'bf62.JPG'),
('B063', 'พายสับปะรด', 210, '1 ชิ้น', 'bf63.jpg'),
('B064', 'แกงส้มชะอมชุบไข่ทอดกับกุ้ง ', 270, '1 ถ้วย', 'bf64.jpg'),
('B065', 'แกงส้มดอกแคกับกุ้ง ', 105, '1 ถ้วย', 'bf65.jpg'),
('B066', 'แกงส้มปลาแปะซะ ', 160, '1 ถ้วย', 'bf66.jpg'),
('B067', 'แกงส้มผักกะเฉด-ปลา ', 110, '1 ถ้วย', 'bf67.jpg'),
('B068', 'แกงส้มผักบุ้งปลาช่อน ', 105, '1 ถ้วย', 'bf68.jpg'),
('B069', 'แกงส้มผักรวม ', 120, '1 ถ้วย', 'bf69.jpg'),
('B070', 'แกงส้มผักรวมกุ้ง ', 105, '1 ถ้วย', 'bf70.jpg'),
('B071', 'บะหมี่เกี๊ยวหมูแดง-น้ำ ', 305, '1 ถ้วย', 'bf71.jpg'),
('B072', 'กาแฟร้อน', 55, '1 เเก้ว', 'bf72.jpg'),
('B073', 'ชานมร้อน', 110, '1 แก้ว', 'bf73.jpg'),
('B074', 'ชาร้อน ', 55, '1 แก้ว', 'bf74.jpg'),
('B075', 'ชาเขียว ', 120, '1 แก้ว', 'bf75.jpg'),
('B076', 'ช็อคโกแลตร้อน ', 120, '1 แก้ว', 'bf76.jpg'),
('B077', 'นมจืด ', 160, '250 cc 1 กล่อง', 'bf77.jpg'),
('B078', 'นมจืด (ไขมันต่ำ) ', 125, '1 กล่อง', 'bf78.jpg'),
('B079', 'นมจืด (ไม่มีไขมัน) ', 80, '1 กล่อง', 'bf79.jpg'),
('B080', 'นมถั่วเหลือง (หวานน้อย) ', 140, '1 กล่อง', 'bf80.jpg'),
('B081', 'นมปรุงแต่ง (รสหวาน) ', 200, '1 กล่อง', 'bf81.jpg'),
('B082', 'นมเปรี้ยว UHT รสผลไม้ ', 125, '1 กล่อง', 'bf82.jpg'),
('B083', 'น้ำขิง', 60, '1 เเก้ว', 'bf83.jpg'),
('B084', 'น้ำนมข้าวโพด ', 80, '1 แก้ว', 'bf84.jpg'),
('B085', 'น้ำผลไม้รวม ', 100, '1 กล่อง', 'bf85.jpg'),
('B086', 'น้ำผักรวม ', 90, '1 กล่อง', 'bf86.jpg'),
('B087', 'น้ำฝรั่ง ', 100, '1 แก้ว', 'bf87.jpg'),
('B088', 'น้ำมะเขือเทศ ', 48, '1 แก้ว', 'bf88.jpg'),
('B089', 'ชมพู่', 60, ' 2-3 ผล', 'bf89.jpg'),
('B090', 'เฝอ ', 240, '1 ถ้วย', 'bf90.JPG'),
('B091', 'น้ำส้มคั้น ', 90, '1 แก้ว', 'bf91.jpg'),
('B092', 'น้ำกีวี่ ', 112, '1 แก้ว', 'bf92.jpg'),
('B093', 'น้ำองุ่นแดง ', 120, '1 กล่อง', 'bf93.jpg'),
('B094', 'น้ำเต้าหู้(จืด) ', 75, '1 เเก้ว', 'bf94.jpg'),
('B095', 'น้ำแอปเปิ้ลแดง ', 120, '1 กล่อง', 'bf95.jpg'),
('B096', 'โกโก้ ', 210, '1 แก้ว', 'bf96.jpg'),
('B097', 'โอวัลติน ', 210, '1 แก้ว', 'bf97.jpg'),
('B098', 'โอเลี้ยง ', 165, '1 แก้ว', 'bf98.jpg'),
('B099', 'แซนวิซปูอัดน้ำสลลัด', 300, '1 คู่', 'bf99.jpg'),
('B100', 'ครัวซอง', 200, '1 ชิ้น', 'bf100.jpg'),
('D001', 'สลัดกุ้ง', 92, '1 จาน', 'dn1.jpg'),
('D002', 'สลัดกุ้งน้ำใส', 92, '1 จาน', 'dn2.jpg'),
('D003', 'สลัดไก่	', 97, '1 จาน', 'dn3.jpg'),
('D004', 'สลัดแขก	', 230, '1 จาน', 'dn4.jpg'),
('D005', 'สลัดไข่', 123, '1 จาน', 'dn5.jpg'),
('D006', 'สลัดเนื้อสันในทอด', 490, '1 จาน', 'dn6.jpg'),
('D007', 'สลัดปลาทูน่า', 122, '1 จาน', 'dn7.jpg'),
('D008', 'สลัดผัก ', 240, '1 จาน', 'dn8.jpg'),
('D009', 'โยเกิร์ต (รสธรรมชาติ) ', 95, '1 ถ้วย', 'dn9.jpg'),
('D010', 'โยเกิร์ต (รสผลไม้)', 175, '1 ถ้วย', 'dn11.jpg'),
('D011', 'โยเกิร์ต (ไขมันต่ำรสผลไม้) ', 160, '1 ถ้วย', 'dn10.jpg'),
('D012', 'สุกี้กุ้งไม่ใส่วุ้นเส้น', 200, '1 จาน', 'dn12.jpg'),
('D013', 'สุกี้ไก่ไม่ใส่วุ้นเส้น', 200, '1 จาน', 'dn13.jpg'),
('D014', 'สุกี้น้ำไก่', 345, '1 ถ้วย', 'dn14.jpg'),
('D015', 'สุกี้หมูไม่ใส่วุ้นเส้น', 200, '1 ถ้วย', 'dn15.jpg'),
('D016', 'สุกี้แห้งทะเล', 280, '1 ถ้วย', 'dn16.jpg'),
('D017', 'ยำปลาหมึกย่าง', 99, '1 ตัว', 'dn17.jpg'),
('D018', 'ยำผักกะเฉด', 115, '1 จาน', 'dn18.jpg'),
('D019', 'ยำผักกาดดอง', 30, '1 จาน', 'dn19.jpg'),
('D020', 'ยำผักบุ้งทอดกรอบ', 310, '1 จาน', 'dn20.jpg'),
('D021', 'ยำมะเขือยาว', 35, '1 จาน', 'dn21.jpg'),
('D022', 'ยำมะม่วงทะเล', 136, '1 จาน', 'dn22.jpg'),
('D023', 'ยำมาม่า', 215, '1 จาน', 'dn23.jpg'),
('D024', 'ยำแมงกระพรุน', 105, '1 จาน', 'dn24.jpg'),
('D025', 'อกไก่ย่าง	', 110, '1 ชิ้น', 'dn25.jpg'),
('D026', 'อกไก่อบ', 169, '1 ชิ้น', 'dn26.jpg'),
('D027', 'สละ ', 30, '3 ผล', 'dn27.jpg'),
('D028', 'ส้มเขียวหวาน', 60, '1 ผล', 'dn28.jpg'),
('D029', 'ซุปไก่ ', 60, '1 ถ้วย', 'dn29.jpg'),
('D030', 'ซุปหมู ', 60, '1 ถ้วย', 'dn30.jpg'),
('D031', 'ซุปกระดูก ', 60, '1 ถ้วย', 'dn31.jpg'),
('D032', 'ซุปเห็ด ', 139, '1 ถ้วย ', 'dn32.jpg'),
('D033', 'เมี่ยงก๋วยเตี๋ยว ', 60, '3 คํา ', 'dn33.jpg'),
('D034', 'เมี่ยงคะน้า ', 60, '3 คํา ', 'dn34.jpg'),
('D035', 'เมี่ยงคํา ', 90, '3 คํา ', 'dn35.jpg'),
('D036', 'คอร์นสลดั M ', 84, '1 ถ้วย', 'dn36.jpg'),
('D037', 'คอร์นสลดั S ', 59, '1 ถ้วย', 'dn37.jpg'),
('D038', 'แกงต้มข่าไก่ ', 118, '1 ถ้วย', 'dn38.jpg'),
('D039', 'แกงต้มโคล้ง ', 55, '1 ถ้วย', 'dn39.jpg'),
('D040', 'แกงต้มยําไก่ ', 55, '1 ถ้วย', 'dn40.jpg'),
('D041', 'แกงต้มยําเนือ้ ', 108, '1 ถ้วย', 'dn41.jpg'),
('D042', 'แกงต้มยําปลาทู ', 64, '1 ถ้วย', 'dn42.JPG'),
('D043', 'แกงต้มยําปลาหมึก ', 0, '1 ถ้วย', 'dn43.jpg'),
('D044', 'กล้วยหอม ', 120, '1 ลูก', 'dn44.jpg'),
('D045', 'กล้วยน้ำว้า ', 0, '1 ลูก', 'dn45.jpg'),
('D046', 'กล้วยไข่ ', 0, '1 ผล', 'dn46.jpg'),
('D047', 'องุ่น', 60, '15 ผล', 'dn47.jpg'),
('D048', 'องุ่นเขียว', 20, '60', 'dn48.jpg'),
('D049', 'แก้วมังกร ', 60, '8 ชิ้น', 'dn49.jpg'),
('D050', 'สตรอเบอร์รี่ ', 60, '6 ผล', 'dn50.jpg'),
('D051', 'แคนตาลูป ', 30, '8 ชิ้น', 'dn51.jpg'),
('D052', 'แตงโม', 15, '1 ชิ้น', 'dn52.jpg'),
('D053', 'แตงไทย', 30, '8 ชิ้น', 'dn53.jpg'),
('D054', 'แอปเปิ้ลแดง ', 60, '1/2 ผล', 'dn54.jpg'),
('D055', 'แอปเปิ้ลเขียว ', 60, '1/2 ผล', 'dn55.jpg'),
('D056', 'พายเผือก ', 425, '1 ชิ้น', 'dn56.jpg'),
('D057', 'พายไส้กรอก ', 400, '1 ชิ้น', 'dn57.jpg'),
('D058', 'พายไส้แฮม ', 400, '1 ชิ้น', 'dn58.jpg'),
('D059', 'ฟักตุ๋นไก่มะนาวดอง ', 125, '1 ถ้วย', 'dn59.jpg'),
('D060', 'ฟักทองนึ่งโรยมะพร้าว ', 188, '1 จาน', 'dn60.jpg'),
('D061', 'ฟักทองนึ่ง ', 188, '1 จาน', 'dn61.jpg'),
('D062', 'มะปรางสุก', 60, '3 ผล', 'dn62.jpg'),
('D063', 'มะม่วงน้ำดอกไม้สุก ', 60, '4 ชิ้น', 'dn63.jpg'),
('D064', 'มะม่วงน้ำปลาหวาน ', 165, '5 ชิ้น', 'dn64.jpg'),
('D065', 'มะม่วงอกร่องสุก ', 60, '4 ชิ้น', 'dn65.jpg'),
('D066', 'มะม่วงเขียวเสวย ', 60, '1/2 ผล', 'dn66.jpg'),
('D067', 'เฟรชสลัดน้ำสลัดซีอิ๊วงาญี่ปุ่น', 100, '1 จาน', 'dn67.jpg'),
('D068', 'สลัดมันฝรั่ง', 110, '1 จาน', 'dn68.jpg'),
('D069', 'น้ำพริกกะปิผักสด', 55, '2 ช้อนโต๊ะ', 'dn69.jpg'),
('D070', 'น้ำพริกปลาป่นผักสด', 100, '1 ชุด', 'dn70.jpg'),
('D071', 'น้ำพริกมะขามสด ', 210, '1 ถ้วย', 'dn71.jpg'),
('D072', 'น้ำพริกมะขามเปียกผักสด ', 120, '1 ชุด', 'dn72.jpg'),
('D073', 'น้ำพริกมะม่วงผัดสก', 140, '1 ชุด', 'dn73.jpg'),
('D074', 'น้ำพริกลงเรือผักสด', 200, '1 ชุด', 'dn74.jpg'),
('D075', 'น้ำพริกหนุ่มผักสด', 200, '1 ชุด', 'dn75.jpg'),
('D076', 'น้ำพริกอ่องผักสด', 260, '1 ชุด', 'dn76.jpg'),
('D077', 'หลนปูเค็มผักสด ', 205, '1 ชุด', 'dn77.jpg'),
('D078', 'ขนุน', 117, '8 ชิ้น', 'dn78.jpg'),
('D079', 'เงาะ', 100, '8 ลูก', 'dn79.jpg'),
('D080', 'ละมุด	', 100, '3 ผล', 'dn80.jpg'),
('D081', 'ฝรั่ง', 43, '1 ลูก', 'dn81.jpg'),
('D082', 'สาลี่', 43, '1 ผล', 'dn82.jpg'),
('D083', 'พุทราไทย', 89, '3 ผล', 'dn83.jpg'),
('D084', 'มะเฟือง', 37, '1 ผล', 'dn84.jpg'),
('D085', 'มะไฟ', 48, '1 ผล', 'dn85.jpg'),
('D086', 'ลางสาด', 0, '3 ผล', 'dn86.jpg'),
('D087', 'ลิ้นจี่', 67, '3 ผล', 'dn87.jpg'),
('D088', 'กุ้งอบวุ้นเส้น ', 300, '1 ถ้วย', 'dn90.jpg'),
('D089', 'ถั่วแระต้ม ', 25, '1 ช้อนโต๊ะ', 'dn91.jpg'),
('D090', 'น้ำสับปะรด ', 125, '1 เเก้ว', 'dn92.jpg'),
('D091', 'น้ำใบบัวบก ', 120, '1 เเก้ว', 'dn93.jpg'),
('D092', 'สาคูไส้หมู ', 205, '4 ลูก', 'dn94.jpg'),
('D093', 'สเต็กปลาย่าง ', 260, '1 จาน', 'dn95.jpg'),
('D094', 'สเต็กเนื้อ', 400, '1 จาน', 'dn96.jpg'),
('D095', 'สเต็กหมู', 375, '1 จาน', 'dn97.jpg'),
('D096', 'ราเม็ง ', 490, '1 ชิ้น', 'dn98.jpg'),
('D097', 'เต้าฮวยน้ำขิง ', 130, '1 ถ้วย', 'dn99.jpg'),
('D098', 'ฟรุตสลัด ', 150, '1 ถ้วย', 'dn100.jpg'),
('D099', 'ยำส้มโอ', 200, '1 จาน', 'dn89.jpg'),
('L001', 'ก๋วยเตี๋ยวเรือน้ำตกแห้ง', 225, '1 ชาม', 'lu1.jpg'),
('L002', 'ก๋วยเตี๋ยวเส้นใหญ่ผัดซีอิ๊วใส่', 520, '1 จาน', 'lu2.jpg'),
('L003', 'ก๋วยเตี๋ยวเส้นใหญ่ราดหน้าไก่', 397, '1 จาน', 'lu3.jpg'),
('L004', 'ก๋วยเตี๋ยวเส้นใหญ่ราดหน้าหมู	', 397, '1 จาน', 'lu4.jpg'),
('L005', 'ก๋วยเตี๋ยวคั่วไก่ ', 435, '1 จาน', 'lu5.jpg'),
('L006', 'ก๋วยเตี๋ยวต้มยำกุ้ง ', 320, '1 ถ้วย', 'lu6.jpg'),
('L007', 'ก๋วยเตี๋ยวผัดกระเพราไก่ ', 440, '1 จาน', 'lu7.jpg'),
('L008', 'ก๋วยเตี๋ยวผัดไทยกุ้งสดใส่ไข่ ', 545, '1 จาน', 'lu8.jpg'),
('L009', 'ก๋วยเตี๋ยวราดหน้าปลากระพง ', 435, '1 ถ้วย', 'lu9.jpg'),
('L010', 'ขนมจีนน้ำพริก ', 450, '1 จาน', 'lu10.jpg'),
('L011', 'ขนมจีนน้ำยา ', 375, '1 จาน', 'lu11.jpg'),
('L012', 'ขนมจีนน้ำเงี้ยว ', 305, '1 จาน', 'lu12.jpg'),
('L013', 'ข้าวผัดกระเพรากุ้ง ', 540, '1 จาน', 'lu13.jpg'),
('L014', 'ข้าวผัดกระเพราหมู ', 580, '1 จาน', 'lu14.jpg'),
('L015', 'ข้าวผัดกระเพราไก่ไข่ดาว ', 630, '1 จาน', 'lu15.jpg'),
('L016', 'ข้าวผัดกุนเชียง ', 590, '1 จาน', 'lu16.jpg'),
('L017', 'ข้าวผัดกุ้งใส่ไข่ ', 595, '1 จาน', 'lu17.jpg'),
('L018', 'ข้าวผัดคะน้าหมูกรอบ', 670, '1 จาน', 'lu18.jpg'),
('L019', 'ข้าวผัดต้มยำทะเลแห้ง ', 400, '1 จาน', 'lu19.jpg'),
('L020', 'ข้าวผัดน้ำพริกกุ้งสด ', 460, '1 จาน', 'lu20.jpg'),
('L021', 'ข้าวผัดน้ำพริกลงเรือ ', 605, '1 จาน', 'lu21.jpg'),
('L022', 'ข้าวผัดปลาหมึกน้ำพริกเผา ', 535, '1 จาน', 'lu22.jpg'),
('L023', 'ข้าวผัดปลาเค็ม ', 405, '1 จาน', 'lu23.jpg'),
('L024', 'ข้าวผัดปูใส่ไข่ ', 610, '1 จาน', 'lu24.jpg'),
('L025', 'ข้าวผัดผักกระเฉดหมูกรอบ ', 600, '1 จาน', 'lu25.jpg'),
('L026', 'ข้าวผัดหมูน้ำพริกเผา ', 665, '1 จาน', 'lu26.jpg'),
('L027', 'ข้าวผัดหมูใส่ไข่ ', 660, '1 จาน', 'lu27.jpg'),
('L028', 'ข้าวผัดอเมริกัน ', 790, '1 จาน', 'lu28.jpg'),
('L029', 'ข้าวผัดแกงเขียวหวานไก่ ', 630, '1 จาน', 'lu29.jpg'),
('L030', 'ข้าวผัดแหนม ', 610, '1 จาน', 'lu30.jpg'),
('L031', 'ข้าวผัดไส้กรอก', 520, '1 จาน', 'lu31.jpg'),
('L032', 'ข้าวหน้าเป็ด ', 495, '1 จาน', 'lu32.jpg'),
('L033', 'ข้าวหมกไก่ ', 525, '1 จาน', 'lu33.jpg'),
('L034', 'ข้าวหมูกระเทียม ', 525, '1 จาน', 'lu34.jpg'),
('L035', 'ต้มยำกุ้ง ', 65, '1 ถ้วย', 'lu35.jpg'),
('L036', 'ต้มยำปลากระป๋อง ', 55, '1 ถ้วย', 'lu36.jpg'),
('L037', 'ต้มยำปลากระพง ', 80, '1 ถ้วย', 'lu37.jpg'),
('L038', 'ปลาหมึกผัดฉ่า ', 260, '1 จาน', 'lu38.jpg'),
('L039', 'ผัดดอกกะหล่ำกับกุ้ง ', 210, '1 จาน', 'lu39.jpg'),
('L040', 'ผัดดอกกุ่ยช่ายกับตับ ', 210, '1 จาน', 'lu40.jpg'),
('L041', 'ผัดถั่วงอกกับเต้าหู้ ', 155, '1 จาน', 'lu41.jpg'),
('L042', 'ผัดถั่วลันเตากับกุ้ง ', 190, '1 จาน', 'lu42.jpg'),
('L043', 'ผัดบร็อกโคลี่กับกุ้ง ', 210, '1 จาน', 'lu43.jpg'),
('L044', 'ผัดบวบใส่ไข่ ', 210, '1 จาน', 'lu44.jpg'),
('L045', 'ผัดผักกระเฉดน้ำมันหอย ', 185, '1 จาน', 'lu45.jpg'),
('L046', 'ผัดผักกาดดองใส่ไข่ ', 205, '1 จาน', 'lu46.jpg'),
('L047', 'ผัดผักบุ้งไฟแดง ', 210, '1 จาน', 'lu47.jpg'),
('L048', 'ผัดผักรวมกับหมู ', 210, '1 จาน', 'lu48.jpg'),
('L049', 'ยำปลากระป๋อง ', 55, '1 ถ้วย', 'lu49.jpg'),
('L050', 'ยำปลาดุกฟู ', 275, '1 จาน', 'lu50.jpg'),
('L051', 'ยำรวมมิตรทะเล ', 150, '1 จาน', 'lu51.jpg'),
('L052', 'ยำวุ้นเส้น ', 120, '1 จาน', 'lu52.jpg'),
('L053', 'ลาบไก่ ', 125, '1 จาน', 'lu53.JPG'),
('L054', 'ลาบหมู ', 130, '1 จาน', 'lu54.jpg'),
('L055', 'ส้มตำปู', 35, '1 จาน', 'lu55.JPG'),
('L056', 'ส้มตำไทย ', 55, '1 จาน', 'lu56.jpg'),
('L057', 'หมี่กรอบราดหน้าหมู ', 690, '1 จาน', 'lu57.jpg'),
('L058', 'หมี่กะทิ ', 405, '1 จาน', 'lu58.jpg'),
('L059', 'หมี่ซั่วผัด ', 395, '1 จาน', 'lu59.jpg'),
('L060', 'ข้าวหมูย่างเกาหลี ', 375, '1 จาน', 'lu60.jpg'),
('L061', 'แกงกะหรี่หมู ', 325, '1 ถ้วย', 'lu61.jpg'),
('L062', 'แกงกะหรี่ไก่ ', 450, '1 จาน', 'lu62.jpg'),
('L063', 'แกงขี้เหล็ก ', 195, '1 ถ้วย', 'lu63.jpg'),
('L064', 'แกงป่าไก่ ', 130, '1 ถ้วย', 'lu64.jpg'),
('L065', 'แกงมัสมั่นไก่ ', 325, '1 ถ้วย', 'lu65.jpg'),
('L066', 'แกงหมูเทโพ ', 300, '1 ถ้วย', 'lu66.jpg'),
('L067', 'แกงเขียวหวานปลาดุก ', 235, '1 ถ้วย', 'lu67.jpg'),
('L068', 'แกงเขียวหวานลูกชิ้นปลากราย ', 240, '1 ถ้วย', 'lu68.jpg'),
('L069', 'แกงเขียวหวานหมู ', 235, '1 ถ้วย', 'lu69.jpg'),
('L070', 'แกงเขียวหวานไก่ ', 240, '1 ถ้วย', 'lu70.jpg'),
('L071', 'แกงเผ็ดฟักทองใส่หมู ', 250, '1 ถ้วย', 'lu71.jpg'),
('L072', 'แกงเผ็ดลูกชิ้นปลา ', 240, '1 ถ้วย', 'lu72.jpg'),
('L073', 'แกงเผ็ดหมูยอดมะพร้าว ', 245, '1 ถ้วย', 'lu73.jpg'),
('L074', 'แกงเผ็ดเป็ดย่าง ', 240, '1 ถ้วย', 'lu74.jpg'),
('L075', 'แกงเผ็ดไก่ใส่มะเขือ ', 235, '1 ถ้วย', 'lu75.jpg'),
('L076', 'แกงเผ็ดไก่ใส่หน่อไม้ ', 245, '1 ถ้วย', 'lu76.jpg'),
('L077', 'แกงเลียง ', 115, '1 ชาม', 'lu77.jpg'),
('L078', 'แกงเหลืองมะละกอกับกุ้ง ', 80, '1 ถ้วย', 'lu78.JPG'),
('L079', 'ปลาทอดสามรส', 470, '1 ตัวกลาง', 'lu79.jpg'),
('L080', 'ปลาทูทอด', 280, '1 ตัวกลาง', 'lu80.jpg'),
('L081', 'ปลานึ่ง', 156, '1 ตัว', 'lu81.jpg'),
('L082', 'ปลาเผา', 156, '1 ตัว', 'lu82.jpg'),
('L083', 'ผัดมักกะโรนีกุ้ง', 420, '1 จาน', 'lu83.jpg'),
('L084', 'ผัดมักกะโรนีหมู', 514, '1 จาน', 'lu84.jpg'),
('L085', 'ข้าวกะเพราเนื้อ', 622, '1 จาน', 'lu85.JPG'),
('L086', 'ข้าวกุ้งทอดกระเทียม', 495, '1 จาน', 'lu86.jpg'),
('L087', 'ข้าวคลุกกะปิ', 410, '1 จาน', 'lu87.jpg'),
('L088', 'ข้าวซอยไก่', 395, '1 ถ้วย', 'lu88.jpg'),
('L089', 'ข้าวซอยหมู', 395, '1 ถ้วย', 'lu89.jpg'),
('L090', 'ข้าวพะแนงไก่', 230, '1 จาน', 'lu90.jpg'),
('L091', 'ยำไข่ต้ม', 105, '1 ฟอง', 'lu91.jpg'),
('L092', 'หมูน้ำตก', 165, '1 จาน', 'lu92.jpg'),
('L093', 'พิซซ่าขอบไส้กรอกชีส', 340, '1 ชิ้น', 'lu93.jpg'),
('L094', 'พิซซ่าทะเล', 335, '1 ชิ้น', 'lu94.jpg'),
('L095', 'พิซซ่าฮาวายเอี้ยน', 345, '1 ชิ้น', 'lu95.jpg'),
('L096', 'แฮมเบอร์เกอร์ไก่ชีส', 280, '1 ชิ้น', 'lu96.jpg'),
('L097', 'แฮมเบอร์เกอร์หมู', 245, '1 ชิ้น', 'lu97.jpg'),
('L098', 'วุ้นบะหมี่น้ำต้มยำหมู', 300, '1 ถ้วย', 'lu98.jpg'),
('L099', 'บะหมี่น้ำน่องไก่', 375, '1 ถ้วย', 'lu99.jpg'),
('L100', 'วุ้นเส้นผัดไทยกุ้งสด', 520, '1 จาน', 'lu100.jpg');

-- --------------------------------------------------------

--
-- Table structure for table `history`
--

CREATE TABLE `history` (
  `historyID` int(4) NOT NULL,
  `datetoday` date NOT NULL,
  `foodBreakfast` char(4) NOT NULL,
  `foodLunch` char(4) NOT NULL,
  `foodDinner` char(4) NOT NULL,
  `userID` char(4) NOT NULL,
  `Totalcal` int(11) NOT NULL
) ENGINE=InnoDB DEFAULT CHARSET=utf8;

--
-- Dumping data for table `history`
--

INSERT INTO `history` (`historyID`, `datetoday`, `foodBreakfast`, `foodLunch`, `foodDinner`, `userID`, `Totalcal`) VALUES
(1, '2017-04-26', 'B052', 'L081', 'D077', 'M001', 541),
(2, '2017-04-26', 'B056', 'L072', 'D074', 'M001', 625),
(4, '2017-04-27', 'B027', 'L001', 'D020', 'M001', 625),
(5, '2017-04-27', 'B085', 'L054', 'D025', 'M006', 340),
(7, '2017-04-28', 'B038', 'L038', 'D025', 'M001', 680),
(8, '2017-06-28', 'B067', 'L054', 'D091', 'M001', 360),
(9, '2017-04-28', 'B031', 'L098', 'D012', 'M012', 615);

-- --------------------------------------------------------

--
-- Table structure for table `news`
--

CREATE TABLE `news` (
  `newsID` int(4) NOT NULL,
  `newsTitle` varchar(30) NOT NULL,
  `newsDetail` text NOT NULL
) ENGINE=InnoDB DEFAULT CHARSET=utf8;

--
-- Dumping data for table `news`
--

INSERT INTO `news` (`newsID`, `newsTitle`, `newsDetail`) VALUES
(26, 'ยินดีต้อนรับ', 'เว็บไซต์เพื่อเเนะนำท่าออกกำลังกายเเละโภชนาการ'),
(27, ' อาการที่แสดงถึงการออกกำลังกาย', 'รู้สึกอ่อนเพลียแทนที่จะสดชื่นกระปรี้กระเปร่าหลังออกกำลังกาย\r\n\r\nออกกำลังแล้วไม่เห็นผลเหมือนช่วงแรก'),
(28, 'คาร์ดิโอ', 'ช่วยเสริมสร้างกล้ามเนื้อให้ฟิตแอนด์เฟิร์มมากขึ้น'),
(29, 'เทคนิคการออกกำลังกายสำหรับคนไม', 'นั่งทำงาน ยืดตัวตรงแล้วแขม่วท้อง เกร็ง-คลาย เกร็ง-คลาย'),
(30, 'กฎทองของการออกกำลังกาย', ' เริ่มต้นตั้งแต่วันนี้และมีความสม่ำเสมอ'),
(31, 'กฎทองของการออกกำลังกาย', 'เลือกรับประทานอาหารที่มีประโยชน์');

-- --------------------------------------------------------

--
-- Table structure for table `programexercise`
--

CREATE TABLE `programexercise` (
  `programID` int(1) NOT NULL,
  `programName` varchar(30) NOT NULL,
  `programType` varchar(30) NOT NULL
) ENGINE=InnoDB DEFAULT CHARSET=utf8;

--
-- Dumping data for table `programexercise`
--

INSERT INTO `programexercise` (`programID`, `programName`, `programType`) VALUES
(1, 'โปรเเกรมกระชับสัดส่วนขา', 'ขา'),
(2, 'โปรเเกรมกระชับสัดส่วนเเขน', 'เเขน'),
(3, 'โปรเเกรมกระชับสัดส่วนหน้าท้อง', 'หน้าท้อง');

-- --------------------------------------------------------

--
-- Table structure for table `program_transaction`
--

CREATE TABLE `program_transaction` (
  `user_Program` int(4) NOT NULL,
  `start_Program` timestamp NOT NULL DEFAULT CURRENT_TIMESTAMP ON UPDATE CURRENT_TIMESTAMP,
  `end_Program` timestamp NOT NULL DEFAULT '0000-00-00 00:00:00',
  `userID` char(4) NOT NULL,
  `programID` int(1) NOT NULL
) ENGINE=InnoDB DEFAULT CHARSET=utf8;

-- --------------------------------------------------------

--
-- Table structure for table `question`
--

CREATE TABLE `question` (
  `questionID` int(11) NOT NULL,
  `questionTitlename` varchar(30) NOT NULL,
  `datequestion` timestamp NOT NULL DEFAULT CURRENT_TIMESTAMP ON UPDATE CURRENT_TIMESTAMP,
  `questionDetail` text NOT NULL,
  `userID` char(4) NOT NULL,
  `view` int(11) NOT NULL,
  `reply` int(11) NOT NULL
) ENGINE=InnoDB DEFAULT CHARSET=utf8;

--
-- Dumping data for table `question`
--

INSERT INTO `question` (`questionID`, `questionTitlename`, `datequestion`, `questionDetail`, `userID`, `view`, `reply`) VALUES
(8, 'คนที่อยากลดน้ำหนัก', '2017-06-28 07:20:12', ' challenge ตัวเองด้วยเป้าหมายเล็กๆ ก่อน\r\nการตั้งเป้าหมายที่ใหญ่เกินไปอาจจะทำให้ท้อได้ เพราะจะเป็นการกดดันตัวเองเกินไป ทำให้เครียดและไม่อยากทำต่อ \r\nมี challenge แนะนำสำหรับคนที่กำลังจะเริ่มนะคะ ลองเลือกดูว่าอันไหนพอจะทำสำเร็จ แล้วค่อยๆ ตั้งเป้าหมายให้ยากขึ้นค่ะ\r\n\r\n7 day challenge กินอาหาร healthy ให้ได้ 1 มื้อทุกวัน ในหนึ่งอาทิตย์\r\n7 day challenge กินอาหาร healthy ทุกมื้อวันเว้นวัน ในหนึ่งอาทิตย์\r\n7 day challenge ออกกำลังกายให้ได้ 3 วัน ในหนึ่งอาทิตย์\r\nแต่ถ้าทำไม่ได้ตามที่ตั้งเป้าไว้ก็ไม่ต้องนั่งร้องห่มร้องไห้เสียใจไป พยายามทำให้ครบตามเป้าก็พอ ', 'M001', 15, 1),
(9, 'การลดน้ำหนักไทรอยด์เป็นพิษ', '2017-06-28 07:17:04', 'เป็นไทรอยด์เป็นพิษค่ะ ทานยาจนครบปีครึ่งแล้ว คุณหมอให้หยุดยาเรียบร้อย แต่ในช่วงที่ทานยา น้ำหนักขึ้นเยอะมากค่ะ ไม่รู้มีใครเป็นเหมือนเรามั้ย เราหาข้อมูลเค้าคนบอกว่าเป็นโรคนี้จะผอม แต่ว่าน้ำหนักเราขึ้นเอาขึ้นเอา ตอนนี้พอหยุดยาได้ เลยตัดสินใจจะลดน้ำหนัก แต่อดอาหารนู่นนี่ น้ำหนักไม่ยักกะลงสักทีท้อใจมากๆ เลยค่ะน้ำหนักขึ้นมาสิบโลกว่า จากคนรูปร่างปกติกลายเป็นคนอวบอ้วน เดี่ยวนี้เวลาไปไหนใส่ชุดอะไรไม่มีความมั่นใจเลยค่ะ ใครพอจะทราบวิธีลดของคนที่เป็นไทรอยด์เป็นพิษบ้างค่ะเพราะมันลดวิธีคนปกติ น้ำหนักไม่กระดิกเลยค่ะTT. ตอนนี้เริ่มอยากหันไปทานยาลดความอ้วนที่มีเขียนว่าไทรอยด์ทานได้(secret slim plus+) มีใครเคยทานบ้างค่ะ ส่วนตัวไม่เคยทานยาลดความอ้วนหรือลดน้ำหนักมากก่อนเลยแต่ว่าตอนนี้อยากให้น้ำหนักลดลงจริงๆแต่ว่ายังไม่ได้ตัดสินใจว่าจะทานมั้ย เพราะเนื่องจากก็กลัวยาจะไปกระตุ้นให้โรคมันกลับมา เราไม่อยากให้โรคมันกลับมาแต่ก็ไม่อยากน้ำหนักเท่านี้เหมือนกัน รบกวนผู้รู้แนะนำด้วยค่ะ หรือคนที่เป็นโรคนี้จะทักเล่าประสบการณ์ได้นะ\r\nปล.ขอแท็กกลุ่มแพทย์นะคะเผื่อมีคุณหมอท่านใดมีความรู้จะได้แนะนำทั้งเรื่องยาว่าควรทานมั้ยจะมีผลยังไงค่ะ', 'M003', 13, 0),
(10, 'สาเหตุที่น้ำหนักไม่ลดสักที', '2017-06-28 07:25:22', 'สวัสดีค่ะ มีเรื่องรบกวนสอบถามเกี่ยวกับกานออกกำลังกายค่ะ\r\nคือตอนนี้เป็นสมาชิก FF ได้เกือบปีแล้วค่ะ\r\nปัจจุบันอายุ 25 สุง 155 หนัก 79-80\r\nช่วงที่จ้าง PT ลงมาเหลือ 76 (ทำแค่20ชม.)\r\nหลังจากนั้นก็เล่นเอง เพราะมีเพื่อนในคลาสเต้น พอมีเพื่อนเล่นเราก็สนุก ก็เลยเข้าแต่คลาสเต้นๆพวก jam zumba combat pump rpm gymball นานๆๆๆจะไปวิ่งบนลู่หรือพวกเวทเอง \r\nความถี่ในการออกกำลังกายแต่ละครั้งก็ 4 วัน / สัปดา ออกทีก็ 2-3คลาส ทำแบบนี่มาตั้งแต่ ส.ค.56 จนปัจจุบัน น้ำหนักก็ไม่ลง ทั้งๆที่อาหารก็คุม คือ ทานข้าวมื้อเช้า กลางวันทานน้อย เยนทานฝรั่งสด บางทีก็ดีน่างาดำ1กล่อง\r\nขนมหวาน ของทอด นานๆๆๆๆๆ จะเข้าปาก\r\nจนรู้สึกท้อในการลดน้ำหนัก.....\r\nขอคำแนะนำหน่อยค่ะ ว่าเราต้องทำอะไรเพิ่มเติมไหม ขอบคุณค่ะ^^', 'M003', 10, 1),
(11, 'มาออกกำลังกายกันเถอะ!! ', '2017-04-27 01:28:13', 'Week 1-4 เป็นแบบเซอร์กิต เน้นความต่อเนื่องและหลากหลายของท่า และใช้เวลาน้อยในแต่ละท่า \r\nWeek 5-8 เป็นแบบเวทเทรนนิ่ง เน้นเพิ่มกล้ามเนื้อส่วนต่างๆ ได้แก่ ขา ก้น หลัง อก แขน ไหล่ และหน้าท้อง เพื่อช่วยสร้างความเฟิร์ม กระชับสัดส่วน และยังช่วยเร่งการเผาผลาญให้ดีขึ้น ยิ่งมีกล้ามเนื้อมากก็ยิ่งช่วยการเผาผลาญมาก แม้แต่ในช่วงที่หยุดพักระบบการเผาผลาญก็ยังคงทำงานอย่างต่อเนื่อง \r\nWeek 9-12 เป็นแบบ HIIT หรือ High-Intensity Interval Training เป็นวิธีการออกกำลังกายสไตล์คาร์ดิโอที่ผสมผสานกันระหว่างการออกกำลังกายอย่างหนักและการออกกำลังกายเบา ๆ สลับกันไป โดยสามารถออกกำลังกายทุกส่วนของร่างกายได้อย่างเต็มที่ แถมยังทำให้อัตราการเต้นของหัวใจเพิ่มขึ้น และเบิร์นไขมันออกจากร่างกายได้อย่างรวดเร็ว', 'M002', 6, 1),
(12, 'ขอคำแนะนำเกี่ยวกับการลดน้ำหนัก', '2017-06-28 07:25:31', 'กำลังจะเริ่มลดน้ำหนักอย่างจริงจังค่ะ แต่ไม่รู้จะเริ่มจากอะไรก่อน เพราะไม่เคยเข้าฟิตเนต ไม่เคยไปวิ่งที่สวนสาธารณะ\r\nตอนนี้เราน้ำหนัก90kg. สูง162cm. เมื่อก่อนสูง164cm. น้ำหนัก50kg. ผ่านไปสามปีน้ำหนักขึ้นมาเกือบจะร้อยโล แถมเตี้ยลงด้วย\r\nเครียดมาก ตัวแตกเป็นรอยแดงๆ แขนกับขาเท่าเดิมแต่ต้นขาต้นแขนรวมถึงสะโพกใหญ่มากก !!! จากเสื้อเบอร์Mตอนนี้ใส่XLแล้ว\r\nกางเกงตอนนี้ก็ใส่เอว38 เมื่อก่อนใส่32 คุณแม่รับไม่ได้เลยบอกว่า ถ้าลดน้ำหนักได้จะให้กิโลละ1000บาทเลย ตอนนี้คิดได้\r\nทั้งอยากผอมทั้งอยากได้ตังค์ 5555 ช่วยหน่อยนะคะ จะเริ่มจากตรงไหนดี อย่างที่บอกว่าไม่เคยออกกำลังเลยตั้งแต่อ้วนขึ้น\r\nแค่เดินขึ้นบันไดชั้น2ก็หอบแล้ว อีกอย่างเราจะต้องกินมังสวิรัตเป็นเวลา1เดือนด้วย เพราะบนกับศาลพระไว้แล้วได้อย่างที่บน\r\nเลยอยากรู้ว่าจะต้องกินอะไรยังไง แล้วต้องเริ่มออกกำลังกายยังไงคะ ? ถึงดูเฟิร์ม ไม่ย้อยไม่ย้วย อยากกลับไปตอนที่น้ำหนัก50มากๆ T^T', 'M004', 8, 0),
(13, 'ยาลดความอ้วนทุกตัวอันตรายหมดเล', '2017-04-22 18:49:10', 'ถ้ายาลดความอ้วนมันอันตราย ทำไมมันมี อย. หรอคะ อย. เขาให้ผ่านได้ไง??\r\n\r\nแล้วถ้าเกิดว่าเรากินยาลดความอ้วนไปแล้วจู่ๆก็หยุดกินจะเกิดโยโย่ทุกคนทุกตัวยามั้ยคะ??', 'M004', 4, 1),
(14, 'ทำยังไงให้ขาเล็ก', '2017-04-28 07:50:45', 'หนูอ้วนมากเลยค่ะ อยากให้ลดเร้วๆ โดยที่ไม่ออกกำลังกายได้มั้ย', 'M012', 2, 1);

-- --------------------------------------------------------

--
-- Table structure for table `recommendnutrition`
--

CREATE TABLE `recommendnutrition` (
  `recommendID` int(11) NOT NULL,
  `datestart` date NOT NULL,
  `userID` char(4) NOT NULL,
  `endate` date NOT NULL
) ENGINE=InnoDB DEFAULT CHARSET=utf8;

-- --------------------------------------------------------

--
-- Table structure for table `userlogin`
--

CREATE TABLE `userlogin` (
  `userID` char(4) NOT NULL,
  `username` varchar(30) NOT NULL,
  `password` varchar(50) NOT NULL,
  `sex` char(1) NOT NULL,
  `age` int(3) NOT NULL,
  `weight` int(3) NOT NULL,
  `height` int(3) NOT NULL
) ENGINE=InnoDB DEFAULT CHARSET=utf8;

--
-- Dumping data for table `userlogin`
--

INSERT INTO `userlogin` (`userID`, `username`, `password`, `sex`, `age`, `weight`, `height`) VALUES
('A001', 'aunchalee_wong.admin', '123', '2', 22, 123, 123),
('M001', 'mint', '123', '2', 22, 12, 12),
('M002', 'tif', '123', '1', 24, 33, 33),
('M003', 'ploy', '123', '2', 45, 34, 34),
('M004', 'a', '123', '2', 22, 33, 154),
('M005', 'y', '123', '1', 66, 22, 22),
('M006', 'w', '123', '2', 23, 22, 22),
('M007', 'mint', '123', '2', 22, 22, 22),
('M008', 'ployyyyyy', '123', '1', 22, 22, 22),
('M010', 'eeee', '1234', '1', -12, -12, -24),
('M011', 'ttt', '123', '2', -22, -22, -22),
('M012', 'ployploy', 'pp', '2', 23, 58, 157);

--
-- Indexes for dumped tables
--

--
-- Indexes for table `answer`
--
ALTER TABLE `answer`
  ADD PRIMARY KEY (`answerID`),
  ADD KEY `userID` (`userID`),
  ADD KEY `questionID` (`questionID`),
  ADD KEY `questionID_2` (`questionID`);

--
-- Indexes for table `exercise`
--
ALTER TABLE `exercise`
  ADD PRIMARY KEY (`exerciseID`),
  ADD KEY `programID` (`programID`);

--
-- Indexes for table `food`
--
ALTER TABLE `food`
  ADD PRIMARY KEY (`foodID`);

--
-- Indexes for table `history`
--
ALTER TABLE `history`
  ADD PRIMARY KEY (`historyID`),
  ADD KEY `userID` (`userID`),
  ADD KEY `foodBreakfast` (`foodBreakfast`,`foodLunch`,`foodDinner`),
  ADD KEY `foodLunch` (`foodLunch`),
  ADD KEY `foodDinner` (`foodDinner`);

--
-- Indexes for table `news`
--
ALTER TABLE `news`
  ADD PRIMARY KEY (`newsID`);

--
-- Indexes for table `programexercise`
--
ALTER TABLE `programexercise`
  ADD PRIMARY KEY (`programID`);

--
-- Indexes for table `program_transaction`
--
ALTER TABLE `program_transaction`
  ADD PRIMARY KEY (`user_Program`),
  ADD KEY `userID` (`userID`,`programID`),
  ADD KEY `programID` (`programID`);

--
-- Indexes for table `question`
--
ALTER TABLE `question`
  ADD PRIMARY KEY (`questionID`),
  ADD KEY `userID` (`userID`);

--
-- Indexes for table `recommendnutrition`
--
ALTER TABLE `recommendnutrition`
  ADD PRIMARY KEY (`recommendID`),
  ADD KEY `userID` (`userID`);

--
-- Indexes for table `userlogin`
--
ALTER TABLE `userlogin`
  ADD PRIMARY KEY (`userID`);

--
-- AUTO_INCREMENT for dumped tables
--

--
-- AUTO_INCREMENT for table `answer`
--
ALTER TABLE `answer`
  MODIFY `answerID` int(11) NOT NULL AUTO_INCREMENT, AUTO_INCREMENT=12;
--
-- AUTO_INCREMENT for table `exercise`
--
ALTER TABLE `exercise`
  MODIFY `exerciseID` int(4) NOT NULL AUTO_INCREMENT, AUTO_INCREMENT=122;
--
-- AUTO_INCREMENT for table `history`
--
ALTER TABLE `history`
  MODIFY `historyID` int(4) NOT NULL AUTO_INCREMENT, AUTO_INCREMENT=10;
--
-- AUTO_INCREMENT for table `news`
--
ALTER TABLE `news`
  MODIFY `newsID` int(4) NOT NULL AUTO_INCREMENT, AUTO_INCREMENT=32;
--
-- AUTO_INCREMENT for table `programexercise`
--
ALTER TABLE `programexercise`
  MODIFY `programID` int(1) NOT NULL AUTO_INCREMENT, AUTO_INCREMENT=4;
--
-- AUTO_INCREMENT for table `program_transaction`
--
ALTER TABLE `program_transaction`
  MODIFY `user_Program` int(4) NOT NULL AUTO_INCREMENT;
--
-- AUTO_INCREMENT for table `question`
--
ALTER TABLE `question`
  MODIFY `questionID` int(11) NOT NULL AUTO_INCREMENT, AUTO_INCREMENT=15;
--
-- AUTO_INCREMENT for table `recommendnutrition`
--
ALTER TABLE `recommendnutrition`
  MODIFY `recommendID` int(11) NOT NULL AUTO_INCREMENT;
--
-- Constraints for dumped tables
--

--
-- Constraints for table `answer`
--
ALTER TABLE `answer`
  ADD CONSTRAINT `answer_ibfk_1` FOREIGN KEY (`userID`) REFERENCES `userlogin` (`userID`) ON DELETE CASCADE ON UPDATE CASCADE,
  ADD CONSTRAINT `answer_ibfk_2` FOREIGN KEY (`questionID`) REFERENCES `question` (`questionID`);

--
-- Constraints for table `exercise`
--
ALTER TABLE `exercise`
  ADD CONSTRAINT `exercise_ibfk_1` FOREIGN KEY (`programID`) REFERENCES `programexercise` (`programID`);

--
-- Constraints for table `history`
--
ALTER TABLE `history`
  ADD CONSTRAINT `history_ibfk_1` FOREIGN KEY (`userID`) REFERENCES `userlogin` (`userID`),
  ADD CONSTRAINT `history_ibfk_2` FOREIGN KEY (`foodBreakfast`) REFERENCES `food` (`foodID`),
  ADD CONSTRAINT `history_ibfk_3` FOREIGN KEY (`foodLunch`) REFERENCES `food` (`foodID`),
  ADD CONSTRAINT `history_ibfk_4` FOREIGN KEY (`foodDinner`) REFERENCES `food` (`foodID`);

--
-- Constraints for table `program_transaction`
--
ALTER TABLE `program_transaction`
  ADD CONSTRAINT `program_transaction_ibfk_1` FOREIGN KEY (`userID`) REFERENCES `userlogin` (`userID`) ON DELETE CASCADE ON UPDATE CASCADE,
  ADD CONSTRAINT `program_transaction_ibfk_2` FOREIGN KEY (`programID`) REFERENCES `programexercise` (`programID`);

--
-- Constraints for table `question`
--
ALTER TABLE `question`
  ADD CONSTRAINT `question_ibfk_1` FOREIGN KEY (`userID`) REFERENCES `userlogin` (`userID`);

--
-- Constraints for table `recommendnutrition`
--
ALTER TABLE `recommendnutrition`
  ADD CONSTRAINT `recommendnutrition_ibfk_1` FOREIGN KEY (`userID`) REFERENCES `userlogin` (`userID`) ON DELETE CASCADE ON UPDATE CASCADE;

/*!40101 SET CHARACTER_SET_CLIENT=@OLD_CHARACTER_SET_CLIENT */;
/*!40101 SET CHARACTER_SET_RESULTS=@OLD_CHARACTER_SET_RESULTS */;
/*!40101 SET COLLATION_CONNECTION=@OLD_COLLATION_CONNECTION */;
